year,title,moral_score,moral_confidence,hero_name,hero_entity_type,hero_affiliation,hero_confidence,villain_name,villain_entity_type,villain_affiliation,villain_confidence
1993,The.Fugitive.1993.Blu-ray.Re.x264.1080p.DTS-HDS.ENG,0.0,0.8,Richard Kimble,INDIVIDUAL,NONE,0.9,Dr. Alec Lentz,INDIVIDUAL,NONSTATE,0.7
1997,My.Best.Friends.Wedding.1997.BDRip.X264-TLF,0.0,0.7,"Julianne ""Jules"" Potter",INDIVIDUAL,NONE,0.9,Kimmy Wallace,INDIVIDUAL,NONE,0.7
1986,Ferris.Buellers.Day.Off.1986.1080p.BluRay.x264-CiNEFiLE.ENG,0.2,0.8,Ferris Bueller,INDIVIDUAL,NONE,0.9,Edward Rooney,STATE,USA,0.8
1999,Star Wars Episode I The Phantom Menace eng,0.7,0.8,Qui-Gon Jinn,INDIVIDUAL,WEST,0.9,Darth Sidious,INDIVIDUAL,EXTRA,0.8
1986,The. Karate. Kid. Part. II. 1986. 1080p. BluRay. x264-LCHD. ENG,0.2,0.8,Miyagi,INDIVIDUAL,NONE,0.9,Sato,INDIVIDUAL,EMPIRE,0.7
1988,Die.Hard.1988.Bluray.1080p.DTSMA.x264.dxva-FraMeSToR.ENG,0.5,0.8,John McClane,INDIVIDUAL,USA,0.9,Hans Gruber,INDIVIDUAL,NONE,0.9
1988,Coming.To.America.1988.1080p.BluRay.x264-Japhson.ENG,0.0,0.8,Akeem Joffer,INDIVIDUAL,NONE,0.9,Darryl Jenks,INDIVIDUAL,NONE,0.7
1990,Dick.Tracy.1990.DVDRip.INTERNAL.XviD-VH-PROD,0.0,0.7,Dick Tracy,INDIVIDUAL,USA,0.9,Big Boy Caprice,INDIVIDUAL,NONE,0.8
1980,SW.Episode.5.The.Empire.Strikes.Back.1980.BluRay.1080p.DTSES6.1.x264-CHD.eng,0.2,0.8,Luke Skywalker,INDIVIDUAL,NONE,0.9,Darth Vader,INDIVIDUAL,EMPIRE,0.9
2008,Indiana.Jones.And.The.Kingdom.Of.The.Crystal.Skull[2008]DvDrip-aXXo.en,-0.2,0.8,Indiana Jones,INDIVIDUAL,USA,0.9,Colonel Dr. Irina Spalko,INDIVIDUAL,RUS,0.8
2003,Bad.Boys.II.2003.720p.BluRay.X264-AMIABLE,0.2,0.8,Mike Lowrey,INDIVIDUAL,USA,0.9,"Hector Juan Carlos ""Johnny"" Tapia",INDIVIDUAL,EXTRA,0.8
2018,Deadpool 2,0.2,0.8,Deadpool,INDIVIDUAL,NONE,0.9,Russell Collins,INDIVIDUAL,NONE,0.7
2013,Man.Of.Steel.2013.720p.BluRay.x264-Felony,0.5,0.8,Kal-El / Clark Kent / Superman,INDIVIDUAL,NONE,0.9,General Zod,INDIVIDUAL,EMPIRE,0.9
2013,Despicable.Me.2.2013.720p.BluRay.x264-VeDeTT,0.2,0.8,Gru,INDIVIDUAL,NONE,0.9,El Macho,INDIVIDUAL,NONE,0.8
1983,Trading.Places.1983.BluRay.1080p.DTS.x264.dxva-FTW-HD.ENG,0.0,0.8,Louis Winthorpe III,INDIVIDUAL,WEST,0.9,Randolph and Mortimer Duke,GROUP,NONE,0.9
2015,American.Sniper.2014.720p.BluRay.x264-SPARKS,0.7,0.8,Chris Kyle,INDIVIDUAL,USA,0.9,Mustafa,INDIVIDUAL,EXTRA,0.7
1982,E.T.The.Extra-Terrestrial.1982.720p.BluRay.X264-AMIABLE,0.2,0.8,Elliott Taylor,INDIVIDUAL,NONE,0.9,Government Agents,STATE,USA,0.7
2005,Charlie.and.the.Chocolate.Factory.2005.BluRay.1080p.DTS.x264.dxva-wsp.ENG,0.2,0.8,Charlie Bucket,INDIVIDUAL,NONE,0.9,Rival Chocolatiers,GROUP,OTHER_STATE,0.7
2000,Mission.Impossible.II.2000.720p.BluRay.DTS.x264-ESiR.ENG,0.7,0.8,Ethan Hunt,INDIVIDUAL,USA,0.9,Sean Ambrose,INDIVIDUAL,NONE,0.8
1982,An.Officer.and.a.Gentleman.1982.720p.BluRay.X264-AMIABLE,0.2,0.7,Zack Mayo,INDIVIDUAL,USA,0.9,Gunnery Sergeant Emil Foley,INDIVIDUAL,USA,0.8
2000,What.Lies.Beneath.2000.720p.WEB-DL.DD5.1.H.264-ViGi,-0.2,0.7,Claire Spencer,INDIVIDUAL,NONE,0.9,Norman Spencer,INDIVIDUAL,NONE,0.8
2018,Mission.Impossible.Fallout.2018.KORSUB.HDRip.x264-STUTTERSHIT,0.5,0.8,Ethan Hunt,INDIVIDUAL,USA,0.9,John Lark,INDIVIDUAL,EXTRA,0.7
1989,Batman.1989.720p.BluRay.x264-SiNNERS.ENG,0.0,0.7,Batman,INDIVIDUAL,NONE,0.9,Carl Grissom,INDIVIDUAL,NONE,0.8
2019,Joker.2019.720p.HC.HDRip.XviD.AC3-EVO,-0.7,0.8,Arthur Fleck,INDIVIDUAL,NONE,0.9,Thomas Wayne,INDIVIDUAL,USA,0.7
1984,Terms.of.Endearment.1983.720p.BluRay.X264-AMIABLE,0.0,0.7,Emma Horton,INDIVIDUAL,NONE,0.8,Flap Horton,INDIVIDUAL,NONE,0.7
2006,The.Da.Vinci.Code.2006.Extended.720p.BluRay.x264-BestHD.eng,0.2,0.8,Robert Langdon,INDIVIDUAL,USA,0.9,Leigh Teabing,INDIVIDUAL,WEST,0.8
2011,The.Twilight.Saga.Breaking.Dawn.Part.1.2011.720p.BluRay.x264-SPARKS English,0.0,0.7,Bella Swan,INDIVIDUAL,NONE,0.9,Renesmee,INDIVIDUAL,EXTRA,0.7
1994,Forrest Gump 1994 DVDrip aviM720 en,0.0,0.7,Forrest Gump,INDIVIDUAL,NONE,0.9,None,NONE,NONE,0.8
1994,The.Mask.1994.BluRay.1080p.DTS.x264.dxva-EuReKA.ENG,0.2,0.7,Stanley Ipkiss,INDIVIDUAL,NONE,0.9,Dorian Tyrell,INDIVIDUAL,NONE,0.8
2010,Avatar.(2009).BDRip.AC3.XviD-D-Z0N3,0.2,0.7,Jake Sully,INDIVIDUAL,NONE,0.8,RDA Corporation,NONSTATE,USA,0.7
2016,The. Jungle. Book. 2016. 720p. BluRay. x264-AN0NYM0US,0.0,0.7,Mowgli,INDIVIDUAL,NONE,0.9,Shere Khan,INDIVIDUAL,NONE,0.8
2023,Ant.Man.And.The.Wasp.Quantumania.2023.1080p.WEB-DL.DDP5.1.Atmos.H.264-CMRG,0.2,0.8,Scott Lang / Ant-Man,INDIVIDUAL,USA,0.9,Kang the Conqueror,INDIVIDUAL,EXTRA,0.8
2007,Tranformers.2007.1080p.BluRay.DTS.x264-ESiR.ENG,0.2,0.7,Autobots,GROUP,EXTRA,0.8,Decepticons,GROUP,EXTRA,0.8
1994,The.Lion.King.1994.720p.BluRay.DD5.1.x264-DON,0.0,0.8,Simba,INDIVIDUAL,NONE,0.9,Scar,INDIVIDUAL,NONE,0.9
1994,Interview.with.the.Vampire.2008.720p.BluRay.x264-ESiR.ENG,-0.2,0.7,Louis de Pointe du Lac,INDIVIDUAL,NONE,0.8,Vampire,NONSTATE,EXTRA,0.7
2003,Terminator.3.2003.720p.HDDVD.x264-ESiR.ENG,-0.7,0.8,John Connor,INDIVIDUAL,NONE,0.9,Skynet,NONSTATE,EXTRA,0.9
1981,For.Your.Eyes.Only.1981.REAL.REPACK.1080p.BluRay.x264-RoCKRioT.ENG,0.2,0.8,James Bond,INDIVIDUAL,WEST,0.9,Kristatos,INDIVIDUAL,RUS,0.8
1979,10,0.0,0.5,George Webber,INDIVIDUAL,NONE,0.8,Covington,INDIVIDUAL,NONE,0.6
2019,Avengers Endgame 2019 NEW 720p HDCAM x264-iMaX,0.2,0.8,Tony Stark / Iron Man,INDIVIDUAL,USA,0.9,Thanos,NONSTATE,EXTRA,0.9
1983,WarGames.1983.1080p.BluRay.H264.AAC-RARBG.Hi,-0.8,0.9,David Lightman,INDIVIDUAL,NONE,0.9,WOPR (War Operation Plan Response),NONSTATE,EXTRA,0.8
2009,The.Blind.Side.2009.720p.BluRay.x264.YIFY.eng,0.7,0.8,Leigh Anne Tuohy,INDIVIDUAL,USA,0.9,Denise Oher,INDIVIDUAL,NONE,0.7
1978,Every.Which.Way.But.Loose.1978.1080p.BluRay.x264-aAF.ENG,0.0,0.7,Philo Beddoe,INDIVIDUAL,NONE,0.9,Black Widows,GROUP,NONE,0.8
1996,The First Wives Club,0.2,0.8,The First Wives Club,GROUP,NONE,0.9,Ex-Husbands,GROUP,NONE,0.8
2015,Jurassic World,0.2,0.7,Owen Grady,INDIVIDUAL,NONE,0.8,Vic Hoskins,INDIVIDUAL,USA,0.7
2007,300.eng,-0.8,0.9,Leonidas,INDIVIDUAL,EMPIRE,0.95,Xerxes,INDIVIDUAL,EXTRA,0.9
2019,The.Lion.King.2019.BDRip.XviD.AC3-EVO,0.0,0.8,Simba,INDIVIDUAL,NONE,0.9,Scar,INDIVIDUAL,NONE,0.9
2015,Star.Wars.Episode.VII.The.Force.Awakens.2015.720p.BluRay.x264-Replica,0.2,0.8,Rey,INDIVIDUAL,NONE,0.9,Kylo Ren,INDIVIDUAL,EXTRA,0.9
2000,Erin Brokovich.2000.BluRay.1080p.x264-HQF.ENG,0.2,0.8,Erin Brockovich,INDIVIDUAL,NONE,0.9,Pacific Gas & Electric Company (PG&E),NONSTATE,NONE,0.8
2008,Wall-E[2008]DvDrip-aXXo.en,0.2,0.8,WALL-E,INDIVIDUAL,NONE,0.9,AUTO,STATE,NONE,0.8
2022,Avatar The Way of Water (2022) 1080p BluRay AVC REMUX DTS-HD ENG,-0.2,0.8,Jake Sully,INDIVIDUAL,NONE,0.9,Colonel Miles Quaritch,INDIVIDUAL,USA,0.9
1997,Men.In.Black.1997.1080p.Blu-ray.AVC.DTS-HD.MA.5.1-CHDBits.english,0.7,0.8,Agent J,INDIVIDUAL,USA,0.9,The Bug,NONSTATE,EXTRA,0.8
2020,The.Invisible.Man.2020.HDRip.XviD.AC3-EVO,-0.2,0.7,Cecilia,INDIVIDUAL,NONE,0.9,Adrian,INDIVIDUAL,NONE,0.8
2013,Fast.And.Furious.6.2013.1080p.WEB-DL.H264-BLUEBIRD,0.5,0.8,Dominic Toretto,INDIVIDUAL,NONE,0.9,Owen Shaw,INDIVIDUAL,NONE,0.8
1989,Dead Poets Society 1989 ENG 25fps SDH utf-8,-0.8,0.9,John Keating,INDIVIDUAL,NONE,0.9,Gale Nolan,INDIVIDUAL,WEST,0.8
1985,The.Goonies.1985.720p.BluRay.DTS.x264-ESiR.ENG,0.0,0.7,The Goonies,GROUP,NONE,0.8,The Fratelli Crime Family,GROUP,NONE,0.8
2009,Harry.Potter.and.the.Half.Blood.Prince.2009.720p.BluRay.DTS.x264-WiKi.eng,0.2,0.7,Harry Potter,INDIVIDUAL,NONE,0.9,Voldemort,NONSTATE,EXTRA,0.8
1987,The.Untouchables.1987.720p.BluRay.DTS.x264-ESiR.ENG,0.7,0.8,Eliot Ness,INDIVIDUAL,USA,0.9,Al Capone,INDIVIDUAL,NONE,0.9
2003,Pirates.of.the.Caribbean.The.Curse.of.the.Black.Pearl.Remastered.2003.720p.BluRay.DTSx264-ESiR.eng,0.2,0.7,Will Turner,INDIVIDUAL,NONE,0.8,Barbossa,INDIVIDUAL,NONE,0.8
1983,SW.Episode.6.Return.of.the.Jedi.1983.BluRay.1080p.DTSES6.1.x264-CHD.eng,0.2,0.8,Luke Skywalker,INDIVIDUAL,NONE,0.9,Jabba the Hutt,NONSTATE,NONE,0.9
1994,The.Santa.Clause.1994.DVDRip.XviD.iNTERNAL-iLs,0.2,0.7,Scott Calvin,INDIVIDUAL,NONE,0.9,Neal Miller,INDIVIDUAL,NONE,0.7
2008,TheDarkKnight 2008 DVD-NikonXp.EN,0.2,0.8,Batman,INDIVIDUAL,USA,0.9,Joker,INDIVIDUAL,NONE,0.9
2015,Avengers.Age.of.Ultron.2015.720p.BluRay.x264-SPARKS,0.2,0.8,Avengers,GROUP,USA,0.9,Ultron,NONSTATE,NONE,0.9
1992,Sister Act (1992)(includes lyrics),0.5,0.8,Deloris Van Cartier / Sister Mary Clarence,INDIVIDUAL,NONE,0.9,Vince LaRocca,INDIVIDUAL,NONE,0.8
2023,Guardians.of.the.Galaxy.Vol.3.2023.1080p.WEB-DL.DDP5.1.Atmos.H.264-CMRG (v2),-0.7,0.8,Rocket,INDIVIDUAL,NONE,0.9,High Evolutionary,NONSTATE,EXTRA,0.8
2001,The.Mummy.Returns.2001.720p.Blu-ray.x264.AC3-CHD.ENG,0.5,0.8,Rick O'Connell,INDIVIDUAL,USA,0.9,Imhotep,INDIVIDUAL,EXTRA,0.9
2000,Scary Movie 1 iNT DvD RiP- WaCkOs,-0.2,0.7,Cindy Campbell,INDIVIDUAL,NONE,0.8,Ghostface Killer,INDIVIDUAL,NONE,0.8
1992,waynes.world.1992.DVDRip.XviD.FBM.ENG,0.0,0.5,Wayne Campbell,INDIVIDUAL,NONE,0.8,Officer Koharski,STATE,USA,0.7
1996,The.Nutty.Professor.1996.720p.DVD5.HDDVD.x264-hV.English,0.2,0.8,Sherman Klump,INDIVIDUAL,NONE,0.9,Buddy Love,INDIVIDUAL,NONE,0.8
1996,Independence.Day.1996.1080p.BluRay.DTS.x264-HDME.ENG,0.0,0.5,President Whitmore,INDIVIDUAL,USA,0.8,None,NONE,NONE,0.5
1991,Terminator.2.Judgement.Day.Directors.Cut.1991.1080p.HDDVD.DTS.x264-hV.ENG,0.7,0.8,Sarah Connor,INDIVIDUAL,NONE,0.9,Skynet,NONSTATE,EXTRA,0.9
1984,The.Karate.Kid.1984.1080p.BluRay.x264-CiNEFiLE.ENG,0.2,0.8,Daniel LaRusso,INDIVIDUAL,NONE,0.9,Johnny Lawrence,INDIVIDUAL,NONE,0.8
2001,Monsters.Inc.2001.BluRay.1080p.DTS.x264.dxva-EuReKA.ENG,0.2,0.8,Sulley,INDIVIDUAL,NONE,0.9,Waternoose,INDIVIDUAL,NONE,0.8
2001,Planet.of.the.Apes.2001.BluRay.720p.x264.DTS-MySiLU.eng,0.0,0.7,Leo,INDIVIDUAL,NONE,0.8,Humans,GROUP,NONE,0.7
2019,Aladdin.2019.720p.WEB-DL.x264.AAC-BonsaiHD,0.2,0.7,Aladdin,INDIVIDUAL,NONE,0.9,Sorcerer,INDIVIDUAL,EXTRA,0.8
1989,Honey.I.Shrunk.The.Kids.1989.DVDRip.XviD.ENG,0.0,0.7,Wayne Szalinski,INDIVIDUAL,NONE,0.9,Big Russ Thompson,INDIVIDUAL,NONE,0.7
1981,Excalibur,0.0,0.7,King Arthur,INDIVIDUAL,EMPIRE,0.8,Uther Pendragon,INDIVIDUAL,EMPIRE,0.7
1977,The.Deep.1977.1080p.BluRay.4xRus.Eng.HDCLUB.ENG,0.2,0.7,David Sanders,INDIVIDUAL,NONE,0.8,"Henri ""Cloche"" Bondurant",INDIVIDUAL,OTHER_STATE,0.8
1989,Ghostbusters.II.1989.720p.BluRay.X264-AMIABLE-HI,0.2,0.8,Ghostbusters,GROUP,USA,0.9,Vigo the Carpathian,INDIVIDUAL,EMPIRE,0.8
1981,Stripes.1981.720p.BluRay.x264-CiNEFiLE,0.2,0.7,John Winger,INDIVIDUAL,NONE,0.9,Captain Stillman,STATE,USA,0.8
1996,101 dalmatians-en,-0.2,0.8,Roger Dearly,INDIVIDUAL,NONE,0.9,Cruella de Vil,INDIVIDUAL,NONE,0.9
1999,The Blair Witch Project.DVDRip.Occor,-0.8,0.9,Heather,INDIVIDUAL,NONE,0.8,Rustin Parr,INDIVIDUAL,NONE,0.9
1988,Big.1988.Extended.Edition.720p.BluRay.x264.YIFY.eng,0.2,0.7,Josh Baskin,INDIVIDUAL,NONE,0.9,Paul Davenport,INDIVIDUAL,NONE,0.7
1977,Looking.For.Mr.Goodbar.ENG.PAL.en,-0.2,0.7,Theresa Dunn,INDIVIDUAL,NONE,0.9,Tony,INDIVIDUAL,NONE,0.8
1997,Batman.and.Robin.1997.1080p.BluRay.x264-CULTHD.ENG,0.0,0.5,Batman,INDIVIDUAL,USA,0.9,Mr. Freeze,INDIVIDUAL,NONE,0.8
2001,Shrek,-0.2,0.7,Shrek,INDIVIDUAL,NONE,0.9,Lord Farquaad,STATE,NONE,0.8
1987,Fatal Attraction 1987 1080p BluRay Remux AVC TrueHD 5. 1 COMM-KESH. EN 23. 976,-0.2,0.7,Dan Gallagher,INDIVIDUAL,NONE,0.9,Alex Forrest,INDIVIDUAL,NONE,0.8
1990,The.Hunt.For.Red.October.1990.720p.HDDVD.x264-SiNNERS.ENG,0.7,0.8,Marko Ramius,INDIVIDUAL,NONE,0.9,Viktor Tupolev,INDIVIDUAL,RUS,0.8
1984,Romancing.the.Stone.1984.720p.BluRay.x264-ESiR.ENG,0.2,0.7,Joan Wilder,INDIVIDUAL,NONE,0.9,Colonel Zolo,STATE,OTHER_STATE,0.8
2023,The.Little.Mermaid.2023.1080p.WEB-DL.DDP5.1.Atmos.H.264 (v3),-0.2,0.7,Ariel,INDIVIDUAL,NONE,0.9,Sea Witch,NONSTATE,EXTRA,0.8
2001,Rush.Hour.2.2001.720p.BluRay.X264-AMIABLE,0.2,0.7,James Carter,INDIVIDUAL,USA,0.8,Ricky Tan,INDIVIDUAL,NONE,0.7
2001,Harry.Potter.and.the.Philosophers.Stone.2001.720p.HDDVD.DTS.x264-ESiR.ENG,0.0,0.8,Harry Potter,INDIVIDUAL,NONE,0.9,Voldemort,INDIVIDUAL,EXTRA,0.9
2018,The.Incredibles.2.2018.HDTC.Versions,-0.2,0.8,Elastigirl,INDIVIDUAL,WEST,0.9,Screenslaver,INDIVIDUAL,NONE,0.8
1996,The.Rock.1996.CRiTERiON.DVDRip.XviD.AC3-UnSeeN,0.2,0.8,Stanley Goodspeed,INDIVIDUAL,USA,0.9,Francis Hummel,INDIVIDUAL,USA,0.8
2021,Venom.Let.There.Be.Carnage.2021.HDRip.XviD.AC3-EVO,-0.2,0.8,Eddie Brock / Venom,INDIVIDUAL,NONE,0.9,Cletus Kasady / Carnage,INDIVIDUAL,NONE,0.9
2008,Horton Hears a Who![2008]DvDrip AC3[Eng]-FXG,0.7,0.8,Horton the Elephant,INDIVIDUAL,NONE,0.9,Sour Kangaroo,INDIVIDUAL,NONE,0.8
1995,Ace.Ventura.When.Nature.Calls.1995.720p.BluRay.X264-AMIABLE,0.2,0.7,Ace Ventura,INDIVIDUAL,NONE,0.9,Vincent Cadby,INDIVIDUAL,OTHER_STATE,0.8
1998,Saving.Private.Ryan.720p.HDTV.Premiere.DTS.x264-ESiR,0.7,0.8,Captain John H. Miller,INDIVIDUAL,USA,0.9,German Forces,STATE,AXIS,0.8
2007,POTC 3 - At Worlds End (2007) 720p BluRay AC3 x264 - AdiT.english,0.2,0.8,Elizabeth Swann,INDIVIDUAL,NONE,0.9,Lord Cutler Beckett,STATE,WEST,0.9
1996,A.Time.To.Kill.1996.1080p.BluRay.x264-VOA,-0.8,0.9,Carl Lee Hailey,INDIVIDUAL,NONE,0.9,Billy Ray Cobb and Pete Willard,GROUP,NONE,0.9
2021,Spider-Man No Way Home.2022.1080p.Bluray.DTS-HD.MA.5.1.X264-EVO,0.2,0.8,Peter Parker / Spider-Man,INDIVIDUAL,NONE,0.9,Norman Osborn / Green Goblin,INDIVIDUAL,NONE,0.8
2007,I.Am.Legend[2007]DvDrip[Eng]-aXXo.en,0.2,0.7,Robert Neville,INDIVIDUAL,USA,0.9,Darkseekers,GROUP,NONE,0.8
2004,Spider-Man.2.1.2004.720p.BluRay.DTS.x264-ESiR.ENG,0.2,0.7,Peter Parker / Spider-Man,INDIVIDUAL,NONE,0.9,Otto Octavius / Doctor Octopus,INDIVIDUAL,NONE,0.8
2016,Suicide.Squad.2016.EXTENDED.720p.BluRay.x264-SPARKS,0.0,0.7,Deadshot,INDIVIDUAL,NONE,0.9,Amanda Waller,STATE,USA,0.8
2023,Oppenheimer,0.0,0.7,J. Robert Oppenheimer,INDIVIDUAL,USA,0.9,None,NONE,NONE,0.8
1999,The.Matrix.1999.720p.HDDVD.DTS.x264-ESiR.ENG,0.2,0.8,Neo,INDIVIDUAL,NONE,0.9,Agent Smith,STATE,USA,0.8
2008,Kung.Fu.Panda[2008]DvDrip-aXXo.en,0.0,0.7,Po Ping,INDIVIDUAL,NONE,0.9,Tai Lung,INDIVIDUAL,NONE,0.8
2022,Black.Panther.Wakanda.Forever.2022.1080p.BluRay.x264.DTS-HD.MA.7.1-MT,-0.2,0.8,Shuri,INDIVIDUAL,WEST,0.9,Namor,INDIVIDUAL,EXTRA,0.8
2002,[TLOTR]The.Two.Towers.CD1[2002][Special.Extended.Edition]DvDrip[Eng]-aXXo,0.2,0.8,Frodo Baggins,INDIVIDUAL,NONE,0.9,Saruman,NONSTATE,EXTRA,0.9
1992,Basic.Instinct.1992.720p.HDDVD.x264-ESiR,0.0,0.8,Nick Curran,INDIVIDUAL,USA,0.9,Catherine Tramell,INDIVIDUAL,NONE,0.8
1986,Top Gun,0.2,0.8,Maverick,INDIVIDUAL,USA,0.9,MiG-28s,NONSTATE,EXTRA,0.8
1984,Star Trek 03 Search For Spock 1984 1280x544.eng,0.2,0.8,James T. Kirk,INDIVIDUAL,USA,0.9,Khan Noonien Singh,INDIVIDUAL,NONE,0.8
2010,Alice.In.Wonderland.2010.Bluray.1080p.DTSHD-MA.x264.dxva-FraMeSToR.ENG,-0.2,0.7,Alice,INDIVIDUAL,NONE,0.9,Queen of Hearts,STATE,EXTRA,0.8
1998,Deep Impact (1998),0.7,0.8,Leo Biederman,INDIVIDUAL,NONE,0.9,Comet Wolf-Biederman,NONSTATE,EXTRA,0.9
2005,Harry.Potter.and.the.Goblet.of.Fire.2005.720p.HDDVD.DTS.x264-ESiR.ENG,0.2,0.7,Harry Potter,INDIVIDUAL,NONE,0.9,Lord Voldemort,INDIVIDUAL,EXTRA,0.8
2012,The.Dark.Knight.Rises.2012.720p.BluRay.x264-SPARKS,-0.8,0.9,Batman,INDIVIDUAL,NONE,0.9,Bane,INDIVIDUAL,EXTRA,0.8
2006,Ice.Age.2.The.Meltdown.1080p.BluRay.DTS.x264-ESiR.ENG,0.2,0.8,Manny,INDIVIDUAL,NONE,0.9,Cretaceous and Maelstrom,NONSTATE,EXTRA,0.8
2014,The.Lego.Movie.2014.BluRay.720p.x264.DTS-HDWinG,0.2,0.8,Emmet Brickowski,INDIVIDUAL,NONE,0.9,Lord Business,INDIVIDUAL,NONE,0.9
2013,Gravity.2013.BluRay.720p.x264.DTS-HDWinG,0.0,0.5,Dr. Stone,INDIVIDUAL,NONE,0.8,Houston,STATE,USA,0.6
1990,Home.Alone.1990.1080p.BluRay.x264-HD1080.ENG,0.2,0.7,Kevin McCallister,INDIVIDUAL,NONE,0.9,Harry and Marv (the Wet Bandits),GROUP,NONE,0.8
1990,Driving Miss Daisy,0.2,0.8,Miss Daisy,INDIVIDUAL,NONE,0.9,None,NONE,NONE,0.7
2014,The.Amazing.Spider-Man.2.2014.720p.BluRay.x264-BLOW,-0.2,0.8,Peter Parker / Spider-Man,INDIVIDUAL,NONE,0.9,Harry Osborn / Green Goblin,INDIVIDUAL,OTHER_STATE,0.8
1997,Air.Force.One.1997.720p.BRrip.x264.YIFY,0.8,0.9,President of the United States,INDIVIDUAL,USA,0.9,General Ivan Radek,INDIVIDUAL,OTHER_STATE,0.8
1993,Few Good Men (1992).DVD.NonHI.pcc.en.CLMB,0.5,0.8,Lieutenant Daniel Kaffee,INDIVIDUAL,USA,0.9,Colonel Nathan Jessep,INDIVIDUAL,USA,0.9
2011,The. Hangover. Part. II. 2011. 720p. BrRip. x264. YIFY,0.1,0.7,Stu Price,INDIVIDUAL,NONE,0.9,Leslie Chow,INDIVIDUAL,NONE,0.8
2017,Guardians.of.the.Galaxy.Vol.2.2017.720p.BluRay.x264-SPARKS,0.2,0.7,Peter Quill / Star-Lord,INDIVIDUAL,NONE,0.9,Ego,NONSTATE,EXTRA,0.8
2000,Meet.the.Parents.2000.HD-DVD-Rip.x264.1080p.DTS-de[42].ENG,0.0,0.7,Greg Focker,INDIVIDUAL,NONE,0.9,Jack Byrnes,INDIVIDUAL,USA,0.8
1982,Rocky III,0.0,0.7,Rocky Balboa,INDIVIDUAL,USA,0.9,Clubber Lang,INDIVIDUAL,NONE,0.8
2022,The.Batman.2022.HDRip.850MB.c1nem4.x264-SUNSCREEN,0.2,0.8,Batman,INDIVIDUAL,NONE,0.9,The Riddler,INDIVIDUAL,NONE,0.9
2022,Minions.The.Rise.Of.Gru.2022.1080p.AMZN.WEB-DL.DDP5.1.H.264-CMRG,0.2,0.7,Gru,INDIVIDUAL,NONE,0.9,Vicious 6,GROUP,NONSTATE,0.8
2018,Jurassic World Fallen Kingdom (2018) 720p English HDCAM-Rip - x264 - MP3 750MB,0.2,0.8,Owen Grady,INDIVIDUAL,NONE,0.9,Eli Mills,INDIVIDUAL,NONSTATE,0.8
2004,The.Incredibles.2004.720p.BluRay.X264-AMIABLE.eng,0.2,0.8,Mr. Incredible,INDIVIDUAL,USA,0.9,Syndrome,INDIVIDUAL,NONE,0.8
2017,Despicable. Me. 3. 2017. 720p. BluRay. X264-AMIABLE,0.2,0.8,Gru,INDIVIDUAL,NONE,0.9,Balthazar Bratt,INDIVIDUAL,NONE,0.9
1991,Home.Alone.1990.1080p.BluRay.x264-HD1080.ENG,0.2,0.7,Kevin McCallister,INDIVIDUAL,NONE,0.9,Harry and Marv (the Wet Bandits),GROUP,NONE,0.8
1982,Indiana.Jones.And.The.Raiders.Of.The.Lost.Ark.(1981).DVDrip.Xvid-DEiTY,0.7,0.8,Indiana Jones,INDIVIDUAL,USA,0.9,René Belloq,INDIVIDUAL,AXIS,0.8
1987,Three Men and a Baby (1987) CtB,0.0,0.7,Peter Mitchell,INDIVIDUAL,NONE,0.9,Drug Dealers,GROUP,NONE,0.8
2011,Fast.Five.2011.720p.BluRay.x264.DTS-WiKi.eng,0.2,0.8,Dominic Toretto,INDIVIDUAL,NONE,0.9,Hernan Reyes,NONSTATE,OTHER_STATE,0.8
2022,Doctor.Strange.in.the.Multiverse.of.Madness.2022.1080p.WEB-DL.DDP5.1.Atmos.H.264,0.5,0.8,America Chavez,INDIVIDUAL,NONE,0.9,Wanda Maximoff / Scarlet Witch,INDIVIDUAL,EXTRA,0.9
2010,nedivx-shrek4.en,-0.7,0.8,Shrek,INDIVIDUAL,NONE,0.9,Rumpelstiltskin,INDIVIDUAL,NONE,0.8
2002,Austin.Powers.in.Goldmember.2002.720p.BluRay.x264-REVEiLLE.ENG,0.2,0.8,Austin Powers,INDIVIDUAL,WEST,0.9,Dr. Evil,INDIVIDUAL,NONE,0.9
1979,Star Trek - The Motion Picture,0.7,0.8,James T. Kirk,INDIVIDUAL,USA,0.9,V'Ger,NONSTATE,EXTRA,0.8
1990,Ghost,0.0,0.5,Sam,INDIVIDUAL,NONE,0.8,Carl,INDIVIDUAL,NONE,0.7
2013,Monsters University,0.2,0.8,Mike Wazowski,INDIVIDUAL,NONE,0.9,"Randall ""Randy"" Boggs",INDIVIDUAL,NONE,0.8
1983,Mr. Mom. 1983. DVDRip. x264-NoRBiT,0.0,0.7,Jack Butler,INDIVIDUAL,NONE,0.9,Ron Richardson,INDIVIDUAL,NONE,0.8
2014,Maleficent.2014.720p.BluRay.x264-SPARKS,0.0,0.8,Maleficent,INDIVIDUAL,NONE,0.9,The Human King,STATE,OTHER_STATE,0.8
1980,Coal Miners Daughter (1980) HDTV 2h 4m 8s @23.976fps.ENG-Hi,0.0,0.7,Loretta Lynn,INDIVIDUAL,NONE,0.9,Doolittle Lynn,INDIVIDUAL,NONE,0.7
2008,devise-twilight.en,0.0,0.5,Bella Swan,INDIVIDUAL,NONE,0.8,None,NONE,NONE,0.0
2015,The.Martian.2015.720p.BluRay.x264-SPARKS,0.2,0.8,Mark Watney,INDIVIDUAL,NONE,0.9,Teddy Sanders,STATE,USA,0.7
2003,The.Matrix.Reloaded.2003.720p.HDDVD.DTS.x264-ESiR.ENG,0.2,0.8,Neo,INDIVIDUAL,NONE,0.9,Agent Smith,NONSTATE,NONE,0.8
1982,Poltergeist.1982.1080p.BluRay.x264-iKA.ENG,0.0,0.5,Freeling Family,GROUP,NONE,0.8,Poltergeist,NONSTATE,EXTRA,0.7
2018,Black.Panther.2018.720p.BluRay.x264-SPARKS,0.0,0.8,T'Challa,INDIVIDUAL,NONE,0.9,Killmonger,INDIVIDUAL,USA,0.8
2003,Finding.Nemo.720p.HDTV.DTS.x264-CtrlHD,-0.2,0.8,Marlin,INDIVIDUAL,NONE,0.9,Barracuda,NONSTATE,NONE,0.8
1978,Superman.1978.Special.Edition.720p.BluRay.x264.DTS-WiKi.eng,0.0,0.8,Jor-El,INDIVIDUAL,NONE,0.9,General Zod,INDIVIDUAL,EMPIRE,0.9
2021,F9. The. Fast. Saga. 2021. THEATRICAL. 1080p. BluRay. x264-RUSTED,0.2,0.8,Dominic 'Dom' Toretto,INDIVIDUAL,NONE,0.9,Jakob Toretto,INDIVIDUAL,NONE,0.8
1987,Beverly.Hills.Cop.II.1987.720p.BluRay.x264.DTS-WiKi.eng,0.2,0.7,Axel Foley,INDIVIDUAL,USA,0.9,Maxwell Dent,INDIVIDUAL,NONE,0.8
2003,Chicago.2002.PROPER.1080p.BluRay.x264-LCHD.ENG,0.0,0.5,Roxie Hart,INDIVIDUAL,NONE,0.8,Amos Hart,INDIVIDUAL,NONE,0.7
1991,Teenage Mutant Ninja Turtles 2,0.0,0.7,Teenage Mutant Ninja Turtles,GROUP,NONE,0.9,Shredder,INDIVIDUAL,NONE,0.8
1984,Footloose dvd rip[eng]XviD.Rets.en,0.2,0.8,Ren McCormack,INDIVIDUAL,NONE,0.9,Reverend Shaw Moore,INDIVIDUAL,NONE,0.8
1988,Beetle.Juice.1988.720p.BluRay.x264-REVEiLLE.ENG,0.0,0.7,Adam and Barbara Maitland,GROUP,NONE,0.9,Betelgeuse,INDIVIDUAL,EXTRA,0.8
1994,The.Flintstones.1994.720p.BluRay.x264-TRiPS,0.0,0.5,Fred Flintstone,INDIVIDUAL,NONE,0.8,Mr. Slate,INDIVIDUAL,NONE,0.7
2004,Shark Tale.en,0.2,0.8,Oscar,INDIVIDUAL,NONE,0.9,Don Lino,GROUP,OTHER_STATE,0.8
2009,Monsters Vs Aliens[2009]DvDrip-aXXo,0.2,0.8,Ginormica (Susan Murphy),INDIVIDUAL,NONE,0.9,Gallaxhar,NONSTATE,EXTRA,0.8
2004,The.Passion.Of.The.Christ.2004.DVDRip.AC3.XviD-OS.iLUMiNADOS.ENG,-0.8,0.9,Jesus,INDIVIDUAL,NONE,0.95,Caiaphas,INDIVIDUAL,OTHER_STATE,0.85
1995,Toy Story,0.2,0.8,Woody,INDIVIDUAL,NONE,0.9,One-Eyed Bart,INDIVIDUAL,NONE,0.7
1995,Crimson.Tide.1995.1080p.Bluray.x264-FSiHD.ENG,0.5,0.8,Lieutenant Commander Ron Hunter,INDIVIDUAL,USA,0.9,Vladimir Radchenko,INDIVIDUAL,RUS,0.9
1994,Clear.And.Present.Danger.1994.1080p.HDDVD.x264-hV.ENG,0.7,0.8,Jack Ryan,INDIVIDUAL,USA,0.9,Drug Cartel,GROUP,OTHER_STATE,0.8
1986,The Color Purple DVDrip aviM720 DVD1 en,-0.2,0.8,Celie,INDIVIDUAL,NONE,0.9,Alphonso,INDIVIDUAL,NONE,0.8
2017,Wonder.Woman.2017.720p.BluRay.x264-SPARKS,0.0,0.7,Diana / Wonder Woman,INDIVIDUAL,NONE,0.9,Ares,NONSTATE,EXTRA,0.8
2019,Frozen.II.2019.DVDScr.XVID.AC3.HQ.Hive-CM8,0.0,0.8,Elsa,INDIVIDUAL,NONE,0.9,King Runeard,INDIVIDUAL,EMPIRE,0.8
2012,MSAR. EN2,0.2,0.7,Alex,INDIVIDUAL,NONE,0.9,Captain Chantel DuBois,INDIVIDUAL,NONE,0.8
1977,Saturday.Night.Fever.1977.720p.BluRay.x264-CiNEFiLE.ENG,-0.2,0.7,Tony Manero,INDIVIDUAL,NONE,0.9,Bobby C.,INDIVIDUAL,NONE,0.8
1991,The.Silence.Of.The.Lambs.1991.BluRay.1080p.DTS.x264.dxva-EuReKA.ENG,0.2,0.8,Clarice Starling,INDIVIDUAL,USA,0.9,Hannibal Lecter,INDIVIDUAL,NONE,0.9
2009,Ice.Age.3 .R5.LINE.XviD-COALiTiON (Edited),0.2,0.7,Manny,INDIVIDUAL,NONE,0.9,Rudy,NONSTATE,EXTRA,0.8
2006,Pirates.of.the.Caribbean.Dead.Mans.Chest.2006.DIRFIX.DVD9.720p.BluRay.x264-REVEiLLE.eng,0.2,0.7,Will Turner,INDIVIDUAL,NONE,0.8,Lord Cutler Beckett,INDIVIDUAL,WEST,0.9
1987,The.Witches.Of.Eastwick.1987.1080p.Bluray.X264-BRMP.ENG,0.2,0.7,"Alexandra Spofford, Jane Smart, Sukie Rougemont",GROUP,NONE,0.8,Darryl Van Horne,INDIVIDUAL,NONE,0.8
1983,National.Lampoons.Vacation.1983.720p.BluRay.DD1.0.x264-CtrlHD,0.1,0.7,Clark Griswold,INDIVIDUAL,NONE,0.9,Aunt Edna,INDIVIDUAL,NONE,0.7
1987,Lethal.Weapon.1.1987.1080p.BluRay.x264-CtrlHD.ENG,0.7,0.8,Martin Riggs,INDIVIDUAL,USA,0.9,Peter McAllister,INDIVIDUAL,EXTRA,0.8
2013,Star.Trek.Into.Darkness.2013.BluRay.720p.x264-HDWinG,0.5,0.8,Captain James T. Kirk,INDIVIDUAL,USA,0.9,Admiral Alexander Marcus,STATE,USA,0.8
1998,dr dolittle engl,-0.2,0.7,John Dolittle,INDIVIDUAL,NONE,0.8,John Dolittle's father,INDIVIDUAL,NONE,0.7
2019,Captain Marvel (2019).[720p HQ DVDScr - HQ Line Audios - [Hindi + Eng] - x264 - 950MB],0.5,0.8,Carol Danvers / Vers,INDIVIDUAL,NONE,0.9,Yon-Rogg,INDIVIDUAL,KREE,0.8
1986,Crocodile.Dundee.1986.720p.BluRay.X264-AMIABLE,0.2,0.7,Mick Dundee,INDIVIDUAL,NONE,0.9,Kangaroo Shooters,GROUP,NONE,0.7
2015,Furious.Seven.2015.EXTENDED.720p.BluRay.x264-SPARKS,0.2,0.8,Dominic Toretto,INDIVIDUAL,NONE,0.9,Deckard Shaw,INDIVIDUAL,NONE,0.8
1992,Aladdin.1992.1080p.BluRay.X264-AMIABLE,0.2,0.7,Aladdin,INDIVIDUAL,NONE,0.9,Sorcerer,INDIVIDUAL,EXTRA,0.8
1983,Flashdance.[Flashdance].1983.DVDRip.XviD.telumethar.eDonkers.cd1.ENG,0.2,0.7,Alex Owens,INDIVIDUAL,NONE,0.9,Johnny C.,INDIVIDUAL,NONE,0.8
1990,Total.Recall.1990.BluRay.1080p.x264.DTS.dxva-xander.ENG,0.7,0.8,Douglas Quaid / Hauser,INDIVIDUAL,NONE,0.9,Vilos Cohaagen,STATE,USA,0.9
1996,Ransom EN,0.0,0.7,Peter,INDIVIDUAL,NONE,0.8,Jackie Brown,INDIVIDUAL,NONE,0.6
2002,Men.In.Black.II.2002.1080p.Blu-ray.AVC.DTS-HD.MA.5,0.2,0.8,Agent J,INDIVIDUAL,USA,0.9,Serleena,NONSTATE,EXTRA,0.8
1994,Speed.1994.BluRay.1080p.DTS.x264.dxva-EuReKA.ENG,0.0,0.5,Jack Traven,INDIVIDUAL,USA,0.8,Bomber,INDIVIDUAL,NONE,0.7
2007,Spider.Man.3.2007.1080p.BluRay.x264.YIFY,0.2,0.8,Peter Parker / Spider-Man,INDIVIDUAL,USA,0.9,Harry Osborn / Green Goblin,INDIVIDUAL,USA,0.8
2016,Rogue.One.2016.720p.BluRay.x264-SPARKS,-0.2,0.8,Jyn Erso,INDIVIDUAL,NONE,0.9,Orson Krennic,INDIVIDUAL,EMPIRE,0.8
1992,A LEAGUE OF THEIR OWN [1992][MP3][DVDRIP-M333]-FLAWL3SS,0.2,0.8,Dottie Hinson,INDIVIDUAL,NONE,0.9,Kit Keller,INDIVIDUAL,NONE,0.7
1998,The.Waterboy.1998.INTERNAL.DVDRip.XViD-BeRRa,-0.2,0.7,Bobby Boucher,INDIVIDUAL,NONE,0.9,Red Beaulieu,STATE,USA,0.8
2021,Eternals.2021.1080p.WEB-DL.DDP5.1.H.264-EVO.v2,0.2,0.8,Sersi,INDIVIDUAL,NONE,0.9,Ikaris,INDIVIDUAL,EXTRA,0.8
1977,Oh God  Dvdrip Xvid-OlFa English,0.2,0.7,Jerry Landers,INDIVIDUAL,NONE,0.9,Charismatic Preacher,INDIVIDUAL,NONE,0.7
2014,X-Men.Days.of.Future.Past.2014.720p.BluRay.X264-AMIABLE,0.7,0.8,Charles Xavier,INDIVIDUAL,USA,0.9,Bolivar Trask,INDIVIDUAL,USA,0.8
2005,Wedding.Crashers.2005.UNRATED.1080p.BluRay.x264-CiNEFiLE.ENG,0.0,0.7,John Beckwith,INDIVIDUAL,NONE,0.8,Sack Lodge,INDIVIDUAL,NONE,0.7
1991,City.Slickers.1991.1080p.X264.BluRay.X264-AMIABLE,0.2,0.8,Mitch Robbins,INDIVIDUAL,NONE,0.9,Jeff and T.R.,GROUP,NONE,0.7
2007,Shrek.the.Third.(2007).DVDRip.AC3.XviD-UnSeeN,0.0,0.8,Shrek,INDIVIDUAL,NONE,0.9,Prince Charming,INDIVIDUAL,AXIS,0.8
2004,National.Treasure.2004.BluRay.1080p.DTS.x264.dxva-EuReKA.ENG,0.2,0.8,Benjamin Franklin Gates,INDIVIDUAL,USA,0.9,Patrick Gates,INDIVIDUAL,NONE,0.7
2012,Brave.2012.720p.BluRay.x264.AC3-HDChina,0.0,0.7,Merida,INDIVIDUAL,NONE,0.9,Mor'du,NONSTATE,EXTRA,0.8
1995,Apollo.13.1995.DVDRip.Xvid.AC3-GoRDo.ENG,0.2,0.8,Jim Lovell,INDIVIDUAL,USA,0.9,None,NONE,NONE,0.8
2005,Madagascar[2005]DvDrip-aXXo.en,0.0,0.5,Marty the Zebra,INDIVIDUAL,NONE,0.8,Penguins,GROUP,NONE,0.7
1995,Die.Hard.With.A.Vengeance.1995.1080p.BluRay.x264-WPi.ENG,-0.2,0.8,John McClane,INDIVIDUAL,USA,0.9,Simon Gruber,INDIVIDUAL,EXTRA,0.8
2021,Free.Guy.2021.BDRip.XviD.AC3-EVO.v2,0.7,0.8,Guy,INDIVIDUAL,NONE,0.9,Antwan Hovachelik,INDIVIDUAL,NONSTATE,0.8
1979,The.Jerk.1979.1080p.HDDVD.x264-FSiHD.ENG HI,0.0,0.7,Navin Johnson,INDIVIDUAL,NONE,0.9,Opti-Grab Lawsuit Plaintiffs,GROUP,NONE,0.7
2006,Talladega.Nights.1080p.BluRay.WMV-HD.BD9-KOADIC.ENG,0.2,0.7,Ricky Bobby,INDIVIDUAL,NONE,0.9,Larry Dennit Sr.,STATE,USA,0.8
2009,Star.Trek.2009.BluRay.1080p.DTS.x264.dxva-EuReKA.ENG,0.5,0.8,George Kirk,INDIVIDUAL,USA,0.9,Nero,INDIVIDUAL,EXTRA,0.8
1979,Rocky II,0.2,0.8,Rocky Balboa,INDIVIDUAL,NONE,0.9,Apollo Creed,INDIVIDUAL,USA,0.8
2015,The.Hunger.Games.Mockingjay.Part.2.2015.720p.BluRay.x264-SPARKS,0.2,0.8,Katniss Everdeen,INDIVIDUAL,NONE,0.9,President Coin,STATE,OTHER_STATE,0.8
1991,Robin Hood.Prince Of Thieves-DVDRip[Eng]1991,0.7,0.8,Robin of Locksley,INDIVIDUAL,WEST,0.9,Sheriff of Nottingham,STATE,NONE,0.9
2003,Bruce.Almighty.2003.[1280x694].23.976fps.720p.BRRip.x264-ENG,0.2,0.7,Bruce Nolan,INDIVIDUAL,NONE,0.9,Evan Baxter,INDIVIDUAL,NONE,0.7
1983,Risky.Business.1983.PROPER.1080p.BluRay.x264-TFiN.ENG,0.2,0.7,Joel Goodsen,INDIVIDUAL,NONE,0.9,Guido,INDIVIDUAL,NONE,0.8
2013,Frozen.2013.720p.BluRay.x264-SPARKS,-0.2,0.8,Anna,INDIVIDUAL,NONE,0.9,Hans,INDIVIDUAL,NONE,0.8
1990,Teenage.Mutant.Ninja.Turtles.1990.1080p.BluRay.x264-HDCLASSICS.ENG,0.0,0.7,Teenage Mutant Ninja Turtles,GROUP,NONE,0.9,Organized Crime,GROUP,NONE,0.8
2009,Transformers.Revenge.of.the.Fallen.IMAX.Edition.2009.1080p.BluRay.DTS.x264-DON.ENG,0.7,0.8,Optimus Prime,INDIVIDUAL,EXTRA,0.9,The Fallen,INDIVIDUAL,EXTRA,0.8
1980,Ordinary.People.1980.720p.WEB-DL.AAC2.0.H.264-BS.eng,0.0,0.7,Conrad Jarrett,INDIVIDUAL,NONE,0.9,Beth Jarrett,INDIVIDUAL,NONE,0.8
1989,Back.to.the.Future.Part.II.1989.720p.BluRay.X264-AMIABLE,0.2,0.8,Marty McFly,INDIVIDUAL,NONE,0.9,Biff Tannen,INDIVIDUAL,NONE,0.9
2012,The.Hobbit.An.Unexpected.Journey.2012.720p.BluRay.x264-SPARKS.eng,0.2,0.8,Thorin Oakenshield,INDIVIDUAL,EMPIRE,0.9,Smaug,NONSTATE,NONE,0.9
2018,Avengers Infinity War 2018 NEW PROPER HD-CAM 720p Hindi + English X264 CPG - KatmovieHD.Ney,0.5,0.8,Avengers,GROUP,USA,0.9,Thanos,INDIVIDUAL,EXTRA,0.9
2005,War.of.the.Worlds.2005.mHD.Bluray.DD5.1.x264-EPiK.eng,-0.8,0.9,Humanity,GROUP,NONE,0.8,Alien Invaders,NONSTATE,EXTRA,0.9
1984,Gremlins. 1984. 1080p. Bluray. X264-DIMENSION. ENG,-0.2,0.8,Billy Peltzer,INDIVIDUAL,NONE,0.9,Stripe,GROUP,NONE,0.8
2001,The.Lord.of.the.Rings.The.Fellowship.of.the.Ring.Extended.Editions.2001.1080p.BluRay.x264.,0.2,0.8,Frodo Baggins,INDIVIDUAL,NONE,0.9,Sauron,NONSTATE,EXTRA,0.9
2010,Iron.Man.2.(2010).BDRip.AC3.XviD-CaLLiOpeD,0.2,0.8,Tony Stark / Iron Man,INDIVIDUAL,USA,0.9,Ivan Vanko,INDIVIDUAL,RUS,0.8
1995,Waterworld.en,-0.7,0.8,The Mariner,INDIVIDUAL,NONE,0.9,Deacon,INDIVIDUAL,NONE,0.8
1996,The.Birdcage.1996.720p.BluRay.X264-AMIABLE-HI,0.2,0.8,Armand Goldman,INDIVIDUAL,NONE,0.9,Senator Kevin Keeley,INDIVIDUAL,USA,0.8
1989,Look Who Is Talking Eng,0.2,0.8,Mollie Jensen,INDIVIDUAL,NONE,0.9,Albert,INDIVIDUAL,NONE,0.8
2011,Transformers.Dark.Of.The.Moon.2011.BluRay.720p.DTS.x264-CHD.eng,0.5,0.8,Optimus Prime,INDIVIDUAL,NONE,0.9,Megatron,INDIVIDUAL,NONE,0.8
2005,Mr.And.Mrs.Smith.2005.1080p.BluRay.x264-TiMELORDS.ENG,0.2,0.8,John Smith,INDIVIDUAL,NONE,0.9,Jane Smith,INDIVIDUAL,NONE,0.9
2021,Shang-Chi. And. The. Legend. Of. The. Ten. Rings. 2021. 1080p. BluRay. x264-VETO,0.2,0.8,Shang-Chi,INDIVIDUAL,NONE,0.9,Wenwu,INDIVIDUAL,EMPIRE,0.9
2018,Solo.A.Star.Wars.Story.2018.720p.BluRay.x264.DTS-HDC,0.2,0.7,Han Solo,INDIVIDUAL,NONE,0.9,Dryden Vos,NONSTATE,NONE,0.8
2003,Elf.2003.BDRE.720p.x264.AC3-SiLUHD.ENG,0.0,0.5,Buddy,INDIVIDUAL,NONE,0.8,None,NONE,NONE,0.5
1994,True.Lies.1994.720p.DTheater.DD5.1.x264-EbP,0.8,0.9,Harry Tasker,INDIVIDUAL,USA,0.95,Salim Abu Aziz,INDIVIDUAL,EXTRA,0.9
2007,The.Simpsons.Movie[2007]DvDrip.AC3[Eng]-aXXo,-0.8,0.9,Homer Simpson,INDIVIDUAL,NONE,0.8,Russ Cargill,INDIVIDUAL,USA,0.9
2010,How.to.Train.Your.Dragon.(2010).BDRip.AC3.XviD-CaLLiOpeD,0.2,0.7,Hiccup,INDIVIDUAL,NONE,0.9,Night Fury,NONSTATE,EXTRA,0.8
2006,X-Men.The.Last.Stand.PROPER.DVDRip.XviD-DoNEINGLES,0.2,0.8,Professor X,INDIVIDUAL,USA,0.9,Magneto,INDIVIDUAL,EXTRA,0.9
2022,Jurassic World  Dominion,0.2,0.8,Owen Grady,INDIVIDUAL,NONE,0.9,Lewis Dodgson,INDIVIDUAL,NONSTATE,0.8
2017,Spider-Man.Homecoming.2017.720p.BluRay.x264-SPARKS,0.5,0.8,Spider-Man,INDIVIDUAL,USA,0.9,Vulture,INDIVIDUAL,NONE,0.8
2020,Birds.of.Prey.And.the.Fantabulous.Emancipation.of.One.Harley.Quinn.2020.HC.720p.HDRip.800M,0.0,0.7,Harley Quinn,INDIVIDUAL,NONE,0.9,Roman Sionis / Black Mask,INDIVIDUAL,CRIME,0.8
2006,Casino.Royale.2006.DVD9.720p.BluRay.DTS.x264-REVEiLLE.ENG,0.2,0.7,James Bond,INDIVIDUAL,WEST,0.9,Le Chiffre,INDIVIDUAL,NONE,0.8
1992,Home Alone 2  Lost in New York,0.0,0.7,Kevin McCallister,INDIVIDUAL,NONE,0.9,Harry and Marv,GROUP,NONE,0.8
2017,Star.Wars.The.Last.Jedi.2017.720p.BluRay.x264-SPARKS,0.2,0.8,Poe Dameron,INDIVIDUAL,WEST,0.9,General Hux,INDIVIDUAL,FIRST_ORDER,0.8
1987,Platoon 1986 H264 Special Edition DVDRip,0.2,0.8,Elias,INDIVIDUAL,USA,0.9,Charlie,GROUP,NONE,0.8
1991,The.Addams.Family.1991.720p.BluRay.X264-AMIABLE,0.0,0.7,Gomez Addams,INDIVIDUAL,NONE,0.9,Tully Alford,INDIVIDUAL,NONE,0.8
2006,Cars.2006.BRRip.XviD.AC3.D-Z0N3,0.0,0.5,Lightning McQueen,INDIVIDUAL,NONE,0.8,Chick Hicks,INDIVIDUAL,NONE,0.7
2008,Iron.Man[2008]DvDrip-aXXo.en,0.7,0.8,Tony Stark / Iron Man,INDIVIDUAL,USA,0.9,Obadiah Stane,INDIVIDUAL,USA,0.8
1983,Octopussy.1983.DVD5.720p.HDTV.x264-NBS.eng,0.7,0.8,James Bond,INDIVIDUAL,WEST,0.9,General Orlov,INDIVIDUAL,RUS,0.8
1990,Pretty.Woman.1990.720p.BluRay.x264-AVS720.eng,0.5,0.8,Vivian Ward,INDIVIDUAL,NONE,0.9,Philip Stuckey,INDIVIDUAL,USA,0.8
1986,Aliens.1986.Special.Edition.720p.BluRay.x264.DTS-WiKi.EN,-0.8,0.9,Ellen Ripley,INDIVIDUAL,NONE,0.95,Carter Burke,INDIVIDUAL,NONSTATE,0.85
2002,Star.Wars.Episode.II.Attack.of.the.Clones.(2002).DVDRip.XviD-UnSeeN,0.5,0.8,Anakin Skywalker,INDIVIDUAL,NONE,0.9,Count Dooku,INDIVIDUAL,EXTRA,0.8
2013,The.Hunger.Games.Catching.Fire.2013.IMAX.EDITION.720p.BluRay.x264-PublicHD,-0.2,0.8,Katniss Everdeen,INDIVIDUAL,NONE,0.9,President Snow,STATE,EMPIRE,0.9
1991,The.Naked.Gun.2.1.2.The.Smell.of.Fear.1991.BluRay.720p.DTS.x264-beAst.eng,0.7,0.8,Frank Drebin,INDIVIDUAL,USA,0.9,Quentin Hapsburg,INDIVIDUAL,NONSTATE,0.8
1999,big. daddy. 1999. 720p. bluray. x264-amiable. EN,0.0,0.7,Sonny Koufax,INDIVIDUAL,NONE,0.9,Arthur Brooks,STATE,USA,0.8
2010,dmd-ts3,-0.2,0.7,Woody,INDIVIDUAL,NONE,0.9,Lotso,INDIVIDUAL,NONE,0.8
2020,Bad.Boys.for.Life.2020.1080p.HDRip.X264.AC3-EVO,-0.2,0.8,Mike Lowrey,INDIVIDUAL,USA,0.9,Isabel Aretas,INDIVIDUAL,NONE,0.8
1977,The Turning Point 1977 720p BRRip x264-PLAYNOW,0.0,0.7,DeeDee Rodgers,INDIVIDUAL,NONE,0.8,Emma Jacklin,INDIVIDUAL,NONE,0.7
1985,Police.Academy.2.Their.First.Assignment.1985.720p.BluRay.FLAC.x264-CtrlHD,0.2,0.7,Captain Pete Lassard,INDIVIDUAL,USA,0.8,Zed McGlunk,INDIVIDUAL,NONE,0.7
2019,Spider-Man.Far.From.Home.2019.V3.1080p.NEW.HDTC.H264.AC3.ADDS.CUT.BLURRED.Will1869,0.5,0.8,Peter Parker / Spider-Man,INDIVIDUAL,USA,0.9,Quentin Beck / Mysterio,INDIVIDUAL,NONE,0.9
1990,Die.Hard.2.1990.1080p.BluRay.x264-WPi.ENG,0.7,0.8,John McClane,INDIVIDUAL,USA,0.9,Colonel William Stuart,INDIVIDUAL,NONE,0.8
2011,Cars.2.720p.BluRay.x264.REPACK-METiS.eng,0.5,0.8,Finn McMissile,INDIVIDUAL,WEST,0.9,Professor Zündapp,INDIVIDUAL,AXIS,0.8
1998,Armageddon.1998.BluRay.1080p.DTSMA.x264.dxva-SuBoXoNe.ENG,0.0,0.7,Houston Mission Control,STATE,USA,0.8,Unknown Threat,NONSTATE,EXTRA,0.6
2009,The.Twilight.Saga.New.Moon.2009.Bluray.1080p.DTSMA.x264.dxva-FraMeSToR.ENG,0.2,0.8,Bella Swan,INDIVIDUAL,NONE,0.9,Edward Cullen,INDIVIDUAL,EXTRA,0.8
1992,The Hand That Rocks the Cradle [1992],-0.8,0.9,Claire Bartel,INDIVIDUAL,NONE,0.95,Dr. Victor Mott,INDIVIDUAL,NONE,0.9
1986,Star Trek 04 Voyage Home 1986 1280x544.eng,0.7,0.8,James T. Kirk,INDIVIDUAL,USA,0.9,Klingon Empire,STATE,AXIS,0.8
2014,Captain.America.The.Winter.Soldier.2014.720p.BluRay.x264-SPARKS,0.5,0.8,Steve Rogers / Captain America,INDIVIDUAL,USA,0.9,Alexander Pierce,INDIVIDUAL,HYDRA,0.8
1983,Tootsie,0.2,0.7,Michael Dorsey,INDIVIDUAL,NONE,0.9,Ron Carlisle,INDIVIDUAL,NONE,0.8
2013,Oz.the.Great.and.Powerful.2013.720p.BluRay.x264-SPARKS,0.2,0.7,Oscar Diggs,INDIVIDUAL,NONE,0.9,Evanora,INDIVIDUAL,NONE,0.8
2015,Minions.2015.720p.BluRay.x264-GECKOS,0.0,0.8,Kevin,INDIVIDUAL,NONE,0.9,Scarlet Overkill,INDIVIDUAL,NONE,0.8
1998,Rush Hour 1,0.5,0.8,Detective Inspector Lee,INDIVIDUAL,WEST,0.9,Juntao,NONSTATE,NONE,0.8
1989,ARG-LETHAL WEAPON 2 1989  PALDVDRIP  XVID MP3 ENG  A RG,0.7,0.8,Martin Riggs,INDIVIDUAL,NONE,0.9,Arjen Rudd,INDIVIDUAL,EMPIRE,0.8
1979,Alien.1979.Directors.Cut.720p.BluRay.x264.DTS-WiKi.EN,0.0,0.7,Ripley,INDIVIDUAL,NONE,0.9,The Company,NONSTATE,USA,0.8
2004,Shrek.2.2004.720p.BluRay.x264-MELiTE.eng,0.2,0.8,Shrek,INDIVIDUAL,NONE,0.9,Fairy Godmother,NONSTATE,EXTRA,0.8
2020,Dolittle.2020.HDRip.800MB.x264-GalaxyRG,0.2,0.8,Dr. John Dolittle,INDIVIDUAL,NONE,0.9,Dr. Blair Müdfly,INDIVIDUAL,NONE,0.7
1995,Batman. Forever. 1995. 1080p. BluRay. x264-CULTHD. ENG,-0.2,0.8,Batman,INDIVIDUAL,NONE,0.9,Riddler,INDIVIDUAL,NONE,0.8
1984,Police.Academy.1984.720p.BluRay.X264-AMIABLE,0.2,0.7,Carey Mahoney,INDIVIDUAL,NONE,0.8,Lieutenant Thaddeus Harris,INDIVIDUAL,STATE,0.7
1985,Witness,0.0,0.5,Samuel Lapp,INDIVIDUAL,NONE,0.8,Unidentified Suspect,INDIVIDUAL,NONE,0.6
1991,Dances.With.Wolves.1990.Directors.Cut.BRRip.XviD.AC3-FLAWL3SS.fixed,-0.8,0.9,John J. Dunbar,INDIVIDUAL,NONE,0.95,U.S. Army,STATE,USA,0.8
1988,Good Morning Vietnam,0.2,0.7,Adrian Cronauer,INDIVIDUAL,USA,0.9,Sergeant Major Phillip Dickerson,INDIVIDUAL,USA,0.8
2014,Guardians.of.the.Galaxy.2014.DVDRip.X264.AC3.5.1-PLAYNOW,0.0,0.5,Peter Quill,INDIVIDUAL,NONE,0.8,Ronan the Accuser,INDIVIDUAL,EMPIRE,0.9
2023,The.Super.Mario.Bros.Movie.2023.1080p.MA.WEBRip.DDP5.1.Atmos.x264-CMaRioG,0.2,0.7,Mario,INDIVIDUAL,NONE,0.9,Bowser,NONSTATE,EXTRA,0.8
1993,Cliffhanger.1993.Blu-ray.720p.x264.DTS-CHD.ENG,0.0,0.7,Gabe,INDIVIDUAL,NONE,0.8,N/A,NONE,NONE,0.8
1995,Pocahontas.1995.720p.BluRay.x264.DTS-WiKi.eng,0.5,0.8,John Smith,INDIVIDUAL,WEST,0.9,Governor Ratcliffe,STATE,EMPIRE,0.8
2012,amazingspiderman,0.0,0.5,Peter Parker / Spider-Man,INDIVIDUAL,NONE,0.8,Flash Thompson,INDIVIDUAL,NONE,0.7
1999,The.Sixth.Sense.1999.REMASTERED.720p.BluRay.x264-iLLUSiON,0.0,0.8,Malcolm Crowe,INDIVIDUAL,USA,0.9,Vincent Grey,INDIVIDUAL,NONE,0.8
2020,1917,0.7,0.8,Blake,INDIVIDUAL,WEST,0.9,German Forces,STATE,AXIS,0.8
1987,Stakeout (ENG),0.0,0.5,Unspecified,INDIVIDUAL,NONE,0.3,Unspecified,INDIVIDUAL,NONE,0.3
1980,Any.Which.Way.You.Can.1980.XViD.5.1.AC3-ShitBusters.ENG,0.2,0.8,Philo Beddoe,INDIVIDUAL,NONE,0.9,Jack Wilson,INDIVIDUAL,NONE,0.7
2016,Zootopia.2016.720p.BluRay.x264-SPARKS,0.2,0.8,Judy Hopps,INDIVIDUAL,NONE,0.9,Dawn Bellwether,INDIVIDUAL,NONE,0.8
2005,The.Chronicles.Of.Narnia.2005.BluRay.1080p.DTS.x264.dxva-EuReKA.ENG,0.2,0.8,Aslan,NONSTATE,EXTRA,0.9,The White Witch,NONSTATE,EXTRA,0.9
1979,Apocalypse Now Redux.en,-0.8,0.9,Captain Benjamin L. Willard,INDIVIDUAL,USA,0.9,Colonel Walter E. Kurtz,INDIVIDUAL,NONE,0.8
1978,Jaws.2.ENG.25FPS,-0.2,0.7,Martin Brody,INDIVIDUAL,USA,0.8,The Shark,NONSTATE,NONE,0.9
2002,Harry.Potter.and.the.Chamber.of.Secrets.2002.720p.HDDVD.DTS.x264-ESiR.ENG,0.2,0.7,Harry Potter,INDIVIDUAL,NONE,0.9,Lord Voldemort,INDIVIDUAL,EXTRA,0.8
2019,Toy.Story.4.2019.720p.HDCAM-1XBET,0.0,0.8,Woody,INDIVIDUAL,NONE,0.9,Gabby Gabby,NONSTATE,NONE,0.7
2021,Ghostbusters.Afterlife.2021.1080p.AMZN.WEB-DL.DDP5.1.H.264-EVO,-0.2,0.7,Phoebe,INDIVIDUAL,NONE,0.8,Gozer,NONSTATE,EXTRA,0.9
1996,Twister.1996.720p.BluRay.x264-HALCYON,0.2,0.8,Jo Harding,INDIVIDUAL,NONE,0.9,Jonas Miller,INDIVIDUAL,NONE,0.7
1980,Stir Crazy,0.2,0.7,Skip Donahue,INDIVIDUAL,NONE,0.8,Warden Walter Beatty,STATE,USA,0.7
1979,meatballs.1979.720p.bluray.x264-psychd-eng,0.0,0.5,Tripper Harrison,INDIVIDUAL,NONE,0.8,Spaz,INDIVIDUAL,NONE,0.6
2008,Quantum.Of.Solace[2008]DvDrip-aXXo.en,0.2,0.8,James Bond,INDIVIDUAL,WEST,0.9,Dominic Greene,INDIVIDUAL,NONE,0.8
2020,Jumanji.The.Next.Level.2019.HC.720p.HDRip.800MB.x264-GalaxyRG,0.0,0.7,Spencer Gilpin,INDIVIDUAL,NONE,0.9,Jurgen the Brutal,INDIVIDUAL,NONE,0.8
2018,Ant Man and the Wasp 2018 New HDCAM-X264-Sexxy,0.2,0.7,Scott Lang / Ant-Man,INDIVIDUAL,NONE,0.9,Ava Starr / Ghost,INDIVIDUAL,NONE,0.8
2017,Logan,-0.8,0.9,Logan / Wolverine,INDIVIDUAL,NONE,0.95,Donald Pierce,INDIVIDUAL,NONSTATE,0.8
2007,Harry.Potter.and.the.Order.of.the.Phoenix.2007.720p.BluRay.DTS.x264-ESiR.ENG,0.0,0.7,Harry Potter,INDIVIDUAL,NONE,0.9,Lord Voldemort,INDIVIDUAL,NONE,0.9
1980,Kramer.vs.Kramer.BluRay.1080p.DTS.x264.dxva-EuReKA.ENG,0.0,0.8,Ted Kramer,INDIVIDUAL,NONE,0.9,Joanna Kramer,INDIVIDUAL,NONE,0.8
2010,despicable.me.dvdrip.xvid-imbt.en,0.2,0.7,Gru,INDIVIDUAL,NONE,0.9,Unknown Pyramid Thief,INDIVIDUAL,NONE,0.7
1984,Indiana Jones and the Temple of Doom 1984 1080p Blu-ray AVC DTS-HD,0.2,0.8,Indiana Jones,INDIVIDUAL,USA,0.9,Mola Ram,INDIVIDUAL,EXTRA,0.8
1986,Out.Of.Africa.1985.REMASTERED.720p.BluRay.DTS.x264-PublicHD,0.2,0.7,Karen Blixen,INDIVIDUAL,WEST,0.9,Baron Bror Blixen,INDIVIDUAL,NONE,0.8
2002,Signs.2002.720p.BluRay.x264.DTS-HDChina.eng,0.1,0.8,Graham Hess,INDIVIDUAL,NONE,0.9,Alien Invaders,NONSTATE,EXTRA,0.8
2015,Cinderella. 2015. 720p. BluRay. x264-SPARKS,0.0,0.7,Ella,INDIVIDUAL,NONE,0.9,Ella's Stepmother,INDIVIDUAL,NONE,0.8
2008,Madagascar-Escape.2.Africa[2008]DvDrip-aXXo.en,0.2,0.7,Alex,INDIVIDUAL,NONE,0.9,Makunga,INDIVIDUAL,NONE,0.8
2002,My.Big.Fat.Greek.Wedding.2002.DVDRip.XviD.AR - ENG,0.0,0.7,Toula Portokalos,INDIVIDUAL,NONE,0.9,Gus Portokalos,INDIVIDUAL,NONE,0.8
1977,The.Spy.Who.Loved.Me.1977.DVD5.720p.HDTV.x264-NBS.eng,0.5,0.8,James Bond,INDIVIDUAL,WEST,0.9,Karl Stromberg,NONSTATE,NONE,0.8
2017,It,-0.2,0.7,The Losers Club,GROUP,NONE,0.8,Pennywise the Dancing Clown,NONSTATE,EXTRA,0.9
1981,Endless.Love,-0.2,0.7,David Axelrod,INDIVIDUAL,NONE,0.8,Hugh Butterfield,INDIVIDUAL,WEST,0.7
1985,Back.To.The.Future.1985.720p.BluRay.x264.DTS-WiKi.eng,0.2,0.7,Marty McFly,INDIVIDUAL,NONE,0.9,Biff Tannen,INDIVIDUAL,NONE,0.8
2006,Superman.Returns.2006.1080p.BluRay.x264-HANGOVER.ENG,0.2,0.8,Superman,INDIVIDUAL,USA,0.9,Lex Luthor,INDIVIDUAL,NONE,0.8
2001,Pearl.Harbor.2001.DVD9.720p.BluRay.x264-hV,0.8,0.9,Rafe McCawley,INDIVIDUAL,USA,0.9,Adolf Hitler,INDIVIDUAL,AXIS,0.9
1999,Runaway Bride (1999) [BluRay] [1080p] [YTS.AM].eng,0.0,0.8,Maggie Carpenter,INDIVIDUAL,NONE,0.9,Ike Graham,INDIVIDUAL,NONE,0.8
2003,TLOTR.The.Return.of.the.King.2003.Extended.BluRay.1080p.DTSES6.1.x264-CHD.eng,0.0,0.8,Aragorn,INDIVIDUAL,WEST,0.9,Saruman,INDIVIDUAL,EXTRA,0.9
2019,It.Chapter.Two.2019.HDRip.XviD.AC3-EVO,-0.2,0.7,The Losers Club,GROUP,NONE,0.8,Pennywise the Clown,NONSTATE,EXTRA,0.9
2005,Batman.Begins.2005.1080p.HDDVD.x264-hV.ENG,0.5,0.8,Batman / Bruce Wayne,INDIVIDUAL,NONE,0.9,Ra's al Ghul,INDIVIDUAL,EXTRA,0.8
2016,Deadpool,0.0,0.5,Deadpool,INDIVIDUAL,NONE,0.8,Francis,INDIVIDUAL,NONE,0.7
1985,Rambo Acorralado II (1985)1080p-Dual-momos-[.HDG].ENG,-0.8,0.9,John Rambo,INDIVIDUAL,NONE,0.95,Marshall Murdock,STATE,USA,0.8
2005,Star.Wars.Episode.III.Revenge.of.the.Sith.(2005).DVDRip.XviD-UnSeeN,0.5,0.8,Obi-Wan Kenobi,INDIVIDUAL,WEST,0.9,Count Dooku,INDIVIDUAL,EXTRA,0.8
2022,Sonic. the. Hedgehog. 2. 2022. 1080p. WEBRip. DDP5. 1. Atmos. x264-NOGRP,0.2,0.7,Sonic the Hedgehog,INDIVIDUAL,NONE,0.9,Doctor Robotnik,INDIVIDUAL,NONE,0.8
2011,Captain.America.The.First.Avenger.2011.BluRay.720p.DTS.x264-CHD.eng,0.7,0.8,Steve Rogers / Captain America,INDIVIDUAL,USA,0.9,Johann Schmidt / Red Skull,INDIVIDUAL,AXIS,0.9
1985,Beverly. Hills. Cop. 1984. 720p. BluRay. x264. DTS-WiKi. eng,0.2,0.8,Axel Foley,INDIVIDUAL,NONE,0.9,Victor Maitland,NONSTATE,NONE,0.8
1977,Star.Wars.Episode.IV.A.New.Hope.(1977).DVDRip.XviD-UnSeeN,0.8,0.9,Luke Skywalker,INDIVIDUAL,NONE,0.9,Darth Vader,INDIVIDUAL,EMPIRE,0.9
1977,The.exorcist.II.-.the.heretic.[shareprovider.com],0.2,0.8,Father Lamont,INDIVIDUAL,WEST,0.9,Pazuzu,NONSTATE,EXTRA,0.8
1987,The.Secret.of.My.Success.1987.720p.BluRay.X264-AMIABLE,0.2,0.7,Brantley Foster,INDIVIDUAL,NONE,0.9,Howard Prescott,INDIVIDUAL,NONE,0.8
2021,Black.Widow.2021.1080p.WEB.H264-TIMECUT,-0.7,0.8,Natasha Romanoff,INDIVIDUAL,WEST,0.9,General Dreykov,STATE,RUS,0.8
2002,A.Beautiful.Mind.2001.BluRay.720p.DTS.x264-CHD.eng,0.5,0.8,John Nash,INDIVIDUAL,USA,0.9,Soviet Agents,GROUP,RUS,0.7
1998,Godzilla,0.0,0.5,Dr. Niko Tatopoulos,INDIVIDUAL,NONE,0.8,Godzilla,NONSTATE,EXTRA,0.7
2014,Dawn.of.the.Planet.of.the.Apes.2014.1080p.BluRay.x264-SPARKS,0.2,0.8,Caesar,INDIVIDUAL,NONE,0.9,Koba,INDIVIDUAL,NONE,0.8
1982,Star Trek 02 Wrath Of Khan 1982 1280x528.eng,0.2,0.8,James T. Kirk,INDIVIDUAL,USA,0.9,Khan Noonien Singh,INDIVIDUAL,NONE,0.8
1981,The.Great.Muppet.Caper.1981.AE.DVDRip.XviD-Shoo.ENG,0.2,0.7,Kermit the Frog,INDIVIDUAL,NONE,0.9,Nicky Holiday,INDIVIDUAL,NONE,0.8
2003,X2 X-Men United 2003 Dvdrip Xvid Ac3.5.1Ch Cd1-Waf,0.2,0.8,X-Men,GROUP,WEST,0.9,William Stryker,INDIVIDUAL,USA,0.8
1985,Cocoon.1985.1080p.BluRay.x264-CiNEFiLE.ENG,0.2,0.7,Jack,INDIVIDUAL,NONE,0.8,Walter,INDIVIDUAL,EXTRA,0.7
1981,The Four Seasons (1981) aw,0.0,0.7,Jack Burroughs,INDIVIDUAL,USA,0.8,Nick Callan,INDIVIDUAL,NONE,0.9
2007,Ratatouille.2007.720p.BluRay.DTS.x264-ESiR.ENG,0.0,0.7,Remy,INDIVIDUAL,NONE,0.9,Remy's Father,INDIVIDUAL,NONE,0.8
1997,Face.Off.1997.1080p.BD9.OXiDE.ENG,0.2,0.8,Sean Archer,INDIVIDUAL,USA,0.9,Castor Troy,INDIVIDUAL,NONE,0.9
2005,Hitch.2005.WS.DVDRiP.XViD-CCTV.en,0.2,0.8,Hitch,INDIVIDUAL,NONE,0.9,Vance Munson,INDIVIDUAL,NONE,0.8
2011,POTC 4 - On Stranger Tides (2011) 720p BluRay AC3 x264 - AdiT.english,0.2,0.7,Jack Sparrow,INDIVIDUAL,NONE,0.9,Blackbeard,INDIVIDUAL,NONE,0.8
2016,The.Secret.Life.of.Pets.2016.720p.BluRay.x264-SPARKS,0.0,0.7,Max,INDIVIDUAL,NONE,0.9,Snowball,INDIVIDUAL,NONE,0.8
1993,Mrs.Doubtfire.1993.720p.BluRay.x264-SiNNERS,0.2,0.8,Daniel Hillard,INDIVIDUAL,NONE,0.9,Miranda Hillard,INDIVIDUAL,NONE,0.7
1983,Staying.Alive.1983.DVDRip.XviD.AR - ENG,0.2,0.7,Tony Manero,INDIVIDUAL,NONE,0.9,Laura,INDIVIDUAL,NONE,0.8
1992,ARG-LETHAL WEAPON 3   1992  PALDVDRIP  XVID MP3 ENG  A RG,0.2,0.8,Riggs,INDIVIDUAL,NONE,0.9,Jack Travis,INDIVIDUAL,OTHER_STATE,0.8
2012,Skyfall.2012.720p.BluRay.x264-DAA.eng,0.2,0.8,James Bond,INDIVIDUAL,WEST,0.9,Raoul Silva,INDIVIDUAL,NONE,0.8
1993,Proposta.Indecente.[1993].DVDRip.WS.AC3.UnitedShare.ENG,0.0,0.8,David Murphy,INDIVIDUAL,NONE,0.9,John Gage,NONSTATE,NONE,0.8
2015,Inside.Out.2015.1080p.WEB-DL.AAC2.0.H264-RARBG,0.0,0.7,Joy,INDIVIDUAL,NONE,0.9,Sadness,INDIVIDUAL,NONE,0.8
2000,The.Perfect.Storm.2000.720p.BluRay.DDEX.x264-ESiR.ENG,-0.2,0.8,Billy Tyne,INDIVIDUAL,NONE,0.9,Hurricane Grace,NONSTATE,NONE,0.9
2007,[HDTeam]El Ultimatum De Bourne[1080p-Bluray][Dual+Subs][By Devilmort].ENG,-0.2,0.8,Jason Bourne,INDIVIDUAL,NONE,0.9,Ward Abbott,STATE,USA,0.8
2010,timpe-inception,0.2,0.8,Dom Cobb,INDIVIDUAL,NONE,0.9,Mal,INDIVIDUAL,NONE,0.8
2014,The.Hunger.Games.Mockingjay.Part.1.2014.720p.BluRay.x264-SPARKS,0.2,0.8,Katniss Everdeen,INDIVIDUAL,NONE,0.9,President Snow,STATE,EMPIRE,0.8
2021,A.Quiet.Place.Part.II.2020.PROPER.1080p.WEB-DL.DDP5.1.Atmos.H264-CMRG,-0.2,0.7,Regan Abbott,INDIVIDUAL,NONE,0.8,Death Angels,NONSTATE,EXTRA,0.9
2011,Thor,0.5,0.8,Thor Odinson,INDIVIDUAL,EMPIRE,0.9,Frost Giants,GROUP,EXTRA,0.8
1979,Moonraker. 1979. BluRay. 720p. x264. AC3-CMCT,0.7,0.8,James Bond,INDIVIDUAL,WEST,0.9,Hugo Drax,INDIVIDUAL,NONE,0.8
1990,back.to.the.future.part.3.1990.720p.bluray.x264-nezu.eng,0.0,0.8,Marty McFly,INDIVIDUAL,NONE,0.9,Buford 'Mad Dog' Tannen,INDIVIDUAL,NONE,0.8
2019,Star.Wars.Episode.IX.The.Rise.of.Skywalker.2020.BDRip.XviD.AC3-EVO,0.7,0.8,Rey,INDIVIDUAL,NONE,0.9,Palpatine,NONSTATE,EXTRA,0.9
2000,Dinosaur.2000.PROPER.1080p.BluRay.x264-Japhson,0.0,0.7,Aladar,INDIVIDUAL,NONE,0.8,Unidentified Predators,NONSTATE,NONE,0.7
2000,Gladiator.EXTENDED.EDITION.2000.BluRay.1080p.DTS.x264.dxva-EuReKA.ENG,0.0,0.8,Maximus,INDIVIDUAL,NONE,0.9,Commodus,INDIVIDUAL,EMPIRE,0.8
1993,Jurassic.Park.TUC.1993.DVDRip.XviD.Subs.EN-UnSeeN,0.0,0.7,Alan Grant,INDIVIDUAL,NONE,0.8,Velociraptor,NONSTATE,EXTRA,0.9
2016,Captain.America.Civil.War.2016.720p.BluRay.X264-AMIABLE,0.2,0.8,Steve Rogers / Captain America,INDIVIDUAL,USA,0.9,Helmut Zemo,INDIVIDUAL,NONE,0.8
2012,The.Twilight.Saga.Breaking.Dawn.Part.2.2012.NEW.TS.XviD.AC3-ADTRG,0.0,0.8,Bella Cullen,INDIVIDUAL,NONE,0.9,Irina,INDIVIDUAL,NONE,0.7
2017,Thor.Ragnarok.2017.720p.WEB-DL.H264.AC3-EVO,0.2,0.8,Thor,INDIVIDUAL,NONE,0.9,Hela,INDIVIDUAL,EMPIRE,0.8
1998,Theres.Something.About.Mary.1998.Extended.1080p.BluRay.x264.Codres.ENG,0.0,0.7,Ted Stroehmann,INDIVIDUAL,NONE,0.9,Pat Healy,INDIVIDUAL,NONE,0.8
2013,Iron.Man.3.2013.720p.BluRay.x264-SPARKS,0.2,0.8,Tony Stark,INDIVIDUAL,USA,0.9,Aldrich Killian,INDIVIDUAL,NONE,0.8
1978,Heaven.Can.Wait.1978.(El.Cielo.Puede.Esperar).DVDRip.XviD.MP3.Dual.ENG-ESP.English,0.7,0.8,Joe Pendleton,INDIVIDUAL,USA,0.9,Julia Farnsworth,INDIVIDUAL,NONE,0.8
2011,Rise.of.the.Planet.of.the.Apes.2011.BluRay.1080p.DTS.x264-CHD,0.2,0.8,Will Rodman,INDIVIDUAL,USA,0.9,Steven Jacobs,INDIVIDUAL,USA,0.8
2004,The.Polar.Express.2004.BluRay.1080p.DTS.x264.dxva-EuReKA.ENG,0.0,0.7,The Boy,INDIVIDUAL,NONE,0.8,The Conductor,INDIVIDUAL,NONE,0.7
1996,Mission.Impossible.1996.720p.BluRay.DD.x264-ESiR.ENG,0.2,0.8,Ethan Hunt,INDIVIDUAL,USA,0.9,Alexander Golitsyn,INDIVIDUAL,RUS,0.8
2017,The.Fate.of.the.Furious.2017.720p.BluRay.x264-SPARKS,-0.2,0.8,Dominic Toretto,INDIVIDUAL,NONE,0.9,Cipher,NONSTATE,EXTRA,0.8
2002,Spider-Man.2002.720p.BluRay.DTS.x264-ESiR.ENG,0.0,0.5,Peter Parker / Spider-Man,INDIVIDUAL,USA,0.8,Harry Osborn,INDIVIDUAL,NONE,0.6
1977,Close.Encounters.of.the.Third.Kind.Collectors.Edition.1977.720p.BluRay.DTS.x264-ESiR.ENG,0.2,0.8,Roy Neary,INDIVIDUAL,NONE,0.9,Unseen Alien Beings,NONSTATE,EXTRA,0.7
1980,The.Blues.Brothers.1980.EXTENDED.720p.BluRay.X264-AMIABLE,-0.8,0.9,Jake and Elwood Blues,GROUP,NONE,0.9,The Penguin (Mother Superior),INDIVIDUAL,NONE,0.8
1988,Cocktail Eng,0.0,0.5,Brian Flanagan,INDIVIDUAL,NONE,0.8,Uncle Pat,INDIVIDUAL,NONE,0.7
2022,Thor.Love.and.Thunder.2022.1080p.WEB-DL.DDP5.1.Atmos.H.264-EVO,0.5,0.8,Thor,INDIVIDUAL,WEST,0.9,Gorr,INDIVIDUAL,NONE,0.8
1985,Fletch.1985.1080p.BluRay.x264-Japhson.ENG,0.2,0.8,Irwin M. 'Fletch' Fletcher,INDIVIDUAL,NONE,0.9,Alan Stanwyk,INDIVIDUAL,NONE,0.8
1984,Beverly.Hills.Cop.1984.720p.BluRay.x264.DTS-WiKi.eng,0.2,0.8,Axel Foley,INDIVIDUAL,NONE,0.9,Victor Maitland,NONSTATE,NONE,0.8
1992,Batman.Returns.1992.1080p.BluRay.x264-CiNEFiLE.ENG,-0.2,0.8,Batman,INDIVIDUAL,USA,0.9,Penguin,INDIVIDUAL,NONE,0.9
2021,No.Time.to.Die.1080p.AMZN.WEB-DL.DDP5.1.H.264-CMRG,-0.2,0.8,James Bond,INDIVIDUAL,WEST,0.9,Lyutsifer Safin,INDIVIDUAL,NONE,0.8
1985,Rocky IV,0.8,0.9,Rocky Balboa,INDIVIDUAL,USA,0.95,Ivan Drago,INDIVIDUAL,RUS,0.9
1979,The.Amityville.Horror.1979.Blu-ray.Re.x264.1080p.DTS-HDS.ENG,0.0,0.7,George and Kathy Lutz,GROUP,NONE,0.8,Demonic/Supernatural Forces,NONSTATE,EXTRA,0.7
1988,Moonstruck.1987.DVDRip.XviD-Shoo.ENG,0.0,0.7,Loretta Castorini,INDIVIDUAL,NONE,0.9,Cosmo Castorini,INDIVIDUAL,NONE,0.8
2008,Hancock.720p.BluRay.x264-REFiNED.ENG,0.2,0.8,Hancock,INDIVIDUAL,NONE,0.9,Red Parker,INDIVIDUAL,NONE,0.8
2000,How.the.Grinch.Stole.Christmas.2000.REMASTERED.720p.BluRay.X264-AMIABLE,-0.8,0.9,The Whos,GROUP,NONE,0.9,The Grinch,INDIVIDUAL,NONE,0.9
2009,Avatar.(2009).BDRip.AC3.XviD-D-Z0N3,0.2,0.7,Jake Sully,INDIVIDUAL,NONE,0.8,RDA Corporation,NONSTATE,USA,0.7
2004,H.P.3-Prisoner.Of.Azkaban[2004]DvDrip-aXXo,0.0,0.7,Harry Potter,INDIVIDUAL,NONE,0.9,Sirius Black,INDIVIDUAL,NONE,0.8
1997,Liar Liar,-0.2,0.8,Fletcher Reede,INDIVIDUAL,NONE,0.9,Samantha Cole,INDIVIDUAL,NONE,0.7
1991,Sleeping.with.the.Enemy.1991.720p.BluRay.x264-HD4U-eng,-0.8,0.9,Laura Burney,INDIVIDUAL,NONE,0.95,Martin Burney,INDIVIDUAL,NONE,0.9
1982,Arthur.1981.DudleyMoore(Huey),0.0,0.5,Arthur Bach,INDIVIDUAL,NONE,0.8,Susan Johnson,INDIVIDUAL,NONE,0.6
1984,Ghostbusters.1984.SE.DVDRip.XviD-UnSeeN.en,0.2,0.8,Ghostbusters,GROUP,USA,0.9,Gozer the Gozerian,NONSTATE,EXTRA,0.8
2016,Batman.v.Superman.Dawn.of.Justice.2016.EXTENDED.720p.BluRay.x264-SPARKS,-0.7,0.8,Batman,INDIVIDUAL,NONE,0.9,Lex Luthor,INDIVIDUAL,USA,0.9
1986,Ruthless.People.1986.German.DL.720p.HDTV.DD5.1.x264.eng,-0.2,0.8,Barbara Stone,INDIVIDUAL,NONE,0.9,Sam Stone,INDIVIDUAL,NONE,0.9
1981,the cannonball run eng bluray,0.2,0.7,JJ McClure,INDIVIDUAL,NONE,0.8,Mr. Arthur J. Foyt,INDIVIDUAL,USA,0.7
2020,The Call of the Wild.2020.HDRip.XviD.AC3-EVO,0.0,0.7,Buck,INDIVIDUAL,NONE,0.9,Dog Traders,GROUP,NONE,0.8
1986,Back to School (1986).ENG,0.2,0.7,Thornton Melon,INDIVIDUAL,USA,0.9,Dr. Philip Barbay,INDIVIDUAL,NONE,0.8
2014,Big.Hero.6.2014.720p.BluRay.x264-SPARKS,0.2,0.8,Hiro Hamada,INDIVIDUAL,NONE,0.9,Robert Callaghan,INDIVIDUAL,NONE,0.8
2006,Over.The.Hedge[2006]DvDrip.AC3[Eng]-aXXo,0.2,0.7,RJ,INDIVIDUAL,NONE,0.9,Vincent,INDIVIDUAL,NONE,0.8
1993,Sleepless In Seattle (1993).DVD.NonHI.pcc.en.TRSTR,0.0,0.7,Sam Baldwin,INDIVIDUAL,NONE,0.9,None,NONE,NONE,0.8
1992,Under.Siege.1992.1080p.Bluray.x264-Q.ENG,0.7,0.8,Casey Ryback,INDIVIDUAL,USA,0.9,William Strannix,INDIVIDUAL,NONE,0.8
1987,Predator.1987.DVDRip.XviD.ShitBusters.ENG,0.0,0.8,Dutch,INDIVIDUAL,USA,0.9,Guerrillas,GROUP,OTHER_STATE,0.7
1989,Rain Man (1988).eng,0.2,0.8,Charlie Babbitt,INDIVIDUAL,NONE,0.9,Sanford Babbitt,INDIVIDUAL,NONE,0.7
1988,Crocodile. Dundee. II. 1988. 720p. BluRay. x264-PSYCHD,0.2,0.8,Mick Dundee,INDIVIDUAL,NONE,0.9,Luis Rico,INDIVIDUAL,OTHER_STATE,0.8
1998,Good.Will.Hunting.1997.BluRay.1080p.DTS.h264.REMUX.dxva-EuReKA.ENG,0.2,0.8,Will Hunting,INDIVIDUAL,NONE,0.9,Carmine Scarpaglia,INDIVIDUAL,NONE,0.7
1997,The.Lost.World.Jurassic.Park.1997.m-HD.AAC.Roboris.eng,0.2,0.8,Ian Malcolm,INDIVIDUAL,NONE,0.9,Peter Ludlow,INDIVIDUAL,USA,0.8
1999,The.Mummy.1999.Blu-ray.720p.x264.DTS-CHD.ENG,-0.2,0.8,Rick O'Connell,INDIVIDUAL,NONE,0.9,Imhotep,INDIVIDUAL,EXTRA,0.9
1993,The.Firm.1993.720p.BluRay.X264-AMIABLE,-0.2,0.8,Mitch McDeere,INDIVIDUAL,NONE,0.9,"Bendini, Lambert & Locke",GROUP,NONE,0.8
1982,The Best Little Whorehouse In Texas - 1982,0.0,0.8,Miss Wulla Jean,INDIVIDUAL,NONE,0.9,Sheriff Ed Earl Dodd,INDIVIDUAL,OTHER_STATE,0.8
1999,Walt Disney Tarzan(1999) XviD avi DVDrip,0.0,0.8,Tarzan,INDIVIDUAL,NONE,0.9,Sabor,NONSTATE,NONE,0.8
2023,Spider Man Across the Spider Verse 2023 1080p V3 NEW No Chew Edition HDTS Video X264 Will1869,0.2,0.8,Miles Morales,INDIVIDUAL,NONE,0.9,The Spot,NONSTATE,NONE,0.8
1981,Bustin Loose (1981) - LordSadler,0.2,0.7,Joe Braxton,INDIVIDUAL,NONE,0.8,Donald,INDIVIDUAL,USA,0.7
2004,The.Bourne.Supremacy.2004.720p.BluRay.DTS.x264-ESiR,0.5,0.8,Jason Bourne / David Webb,INDIVIDUAL,NONE,0.9,Sheng Chou Yang,INDIVIDUAL,CHN,0.8
1981,History.Of.The.World.Part.I.1981.1080p.BluRay.x264-CiNEFiLE.ENG,0.0,0.5,Early Man,GROUP,NONE,0.8,Critic,INDIVIDUAL,NONE,0.7
1981,Superman.II.The.Richard.Donner.Cut.1980.720p.BluRay.x264.DTS-WiKi.eng,0.7,0.8,Superman,INDIVIDUAL,USA,0.9,General Zod,INDIVIDUAL,EXTRA,0.9
1989,Parenthood (1989),0.0,0.8,Gil Buckman,INDIVIDUAL,NONE,0.9,Frank Buckman,INDIVIDUAL,NONE,0.7
1978,Grease,0.0,0.7,Danny Zuko,INDIVIDUAL,NONE,0.9,Rizzo,INDIVIDUAL,NONE,0.7
2018,The.Grinch.2018.1080p.WEB-DL.X264.DD5.1-SeeHD,-0.8,0.9,The Whos,GROUP,NONE,0.8,The Grinch,INDIVIDUAL,NONE,0.9
2012,TED 2012 TS XViD - INSPiRAL,0.0,0.7,John Bennett,INDIVIDUAL,NONE,0.9,Donny,INDIVIDUAL,NONE,0.8
1999,Toy.Story.2.1999.DVDRip.XviD-ShitBusters,0.0,0.7,Woody,INDIVIDUAL,NONE,0.9,Al McWhiggin,INDIVIDUAL,NONE,0.8
1988,Who.Framed.Roger.Rabbit.1988.720p.BluRay.x264-HD4U,0.2,0.8,Eddie Valiant,INDIVIDUAL,NONE,0.9,Judge Doom,INDIVIDUAL,NONE,0.9
2012,The.Avengers.2012.DVDRip.X264.AC3-NYDIC,0.2,0.8,Nick Fury,STATE,USA,0.9,Loki,INDIVIDUAL,EXTRA,0.9
2010,The.Twilight.Saga.Eclipse.720p.Bluray.x264-CBGB.eng,0.2,0.8,Edward Cullen,INDIVIDUAL,NONE,0.9,Victoria Sutherland,INDIVIDUAL,NONE,0.8
2009,The.Hangover.DVDRip.XviD-DoNE,0.0,0.7,Doug Billings,INDIVIDUAL,NONE,0.9,Leslie Chow,INDIVIDUAL,NONE,0.8
2020,Sonic.The.Hedgehog.2020.720p.WEBRip.x264.AAC-.YTS.MX,0.0,0.7,Sonic,INDIVIDUAL,NONE,0.9,Dr. Eggman,INDIVIDUAL,NONE,0.8
1997,Titanic.1997.720p.BluRay.X264-AMIABLE,0.0,0.7,Brock Lovett,INDIVIDUAL,NONE,0.8,Cal Hockley,INDIVIDUAL,NONE,0.7
1980,Nine to Five,0.0,0.5,Judy Bernly,INDIVIDUAL,NONE,0.8,Mr. Hart,STATE,USA,0.7
2001,Jurassic.Park.III[2001]DvDrip-aXXo,-0.2,0.7,Alan Grant,INDIVIDUAL,NONE,0.9,Kirbys,GROUP,NONE,0.8
1999,[HDteam] Austin.Powers.La.Espia.que.me.Achucho.1999.[1080p].[BluRay].[x264].[Dual].[Subs]-by Ruben,0.2,0.8,Austin Powers,INDIVIDUAL,WEST,0.9,Dr. Evil,INDIVIDUAL,NONE,0.9
1997,George Of The Jungle (1997).en,0.0,0.5,George,INDIVIDUAL,NONE,0.8,Lyle van de groot,INDIVIDUAL,WEST,0.7
2000,X-Men ;[2000];[1080p];[Shadowl0rd].ENG,0.2,0.8,X-Men,GROUP,USA,0.9,Senator Kelly,STATE,USA,0.8
2009,Up.2009.480p.BRRip.XviD.AC3-ViSiON,-0.7,0.8,Carl Fredricksen,INDIVIDUAL,NONE,0.9,Charles Muntz,INDIVIDUAL,EXTRA,0.8
1989,Indiana.Jones.And.The.Last.Crusade.(1989).DVDRiP.XViD-DEiTY,0.5,0.8,Indiana Jones,INDIVIDUAL,USA,0.9,Garth,INDIVIDUAL,NONE,0.7
2018,Jumanji.Welcome.to.the.Jungle.2017.1080p.WEB-DL.DD5.1.H264-FGT,0.2,0.8,Spencer Gilpin,INDIVIDUAL,NONE,0.9,Professor Van Pelt,INDIVIDUAL,NONE,0.8
1993,In.the.Line.of.Fire.1993.Blu-ray.720p.x264.DD51-HiS@SiLUHD.ENG,-0.7,0.8,Frank Horrigan,INDIVIDUAL,USA,0.9,Joseph McCrawley / Booth,INDIVIDUAL,NONE,0.8
2002,Ice Age.English,-0.2,0.7,Manny,INDIVIDUAL,NONE,0.8,Soto,INDIVIDUAL,AXIS,0.7
2001,Hannibal.2001.1080p.BluRay.x264-iKA.ENG,-0.2,0.7,Clarice Starling,INDIVIDUAL,USA,0.9,Evelda Drumgo,INDIVIDUAL,NONE,0.8
1995,Casper.1995.720p.BluRay.X264-AMIABLE,0.0,0.8,Casper,INDIVIDUAL,NONE,0.9,Carrigan Crittenden,INDIVIDUAL,NONE,0.8
2012,The.Hunger.Games.2012.720p.BluRay.x264.DTS-HDChina.eng,-0.5,0.8,Katniss Everdeen,INDIVIDUAL,NONE,0.9,The Capitol,STATE,EMPIRE,0.8
2016,Finding.Dory.2016.720p.BluRay.X264-AMIABLE,0.2,0.7,Dory,INDIVIDUAL,NONE,0.9,Undertow,NONSTATE,NONE,0.7
2014,Transformers.Age.of.Extinction.2014.720p.BluRay.x264-BLOW,-0.7,0.8,Optimus Prime,INDIVIDUAL,NONE,0.9,Harold Attinger,INDIVIDUAL,USA,0.8
1980,Private.Benjamin.1980.720p.HDTVRip.XviD.AC3-RARBG.eng,0.2,0.7,Judy Benjamin,INDIVIDUAL,NONE,0.9,Henri Tremont,INDIVIDUAL,EXTRA,0.8
2022,Top.Gun.Maverick.2022.KORSUB.IMAX.1080p.WEBRip.AAC2.0.x264-SHITBOX,0.7,0.8,"Pete ""Maverick"" Mitchell",INDIVIDUAL,USA,0.9,"Chester ""Hammer"" Cain",STATE,USA,0.8
2004,The.Day.After.Tomorrow.2004.1080p.BluRay.x264-MUVI.eng,0.2,0.8,Jack Hall,INDIVIDUAL,USA,0.9,Raymond Becker,INDIVIDUAL,USA,0.7
