film,year,avg_political_intensity,chunks_scored
1977_The.Spy.Who.Loved.Me.1977.DVD5.720p.HDTV.x264-NBS.eng,1977,0.6428571428571429,7
1977_Close.Encounters.of.the.Third.Kind.Collectors.Edition.1977.720p.BluRay.DTS.x264-ESiR.ENG,1977,0.475,8
1977_The.Deep.1977.1080p.BluRay.4xRus.Eng.HDCLUB.ENG,1977,0.4714285714285714,7
1977_Oh God  Dvdrip Xvid-OlFa_English,1977,0.5,12
1977_Star.Wars.Episode.IV.A.New.Hope.(1977).DVDRip.XviD-UnSeeN,1977,0.6749999999999999,12
1977_Looking.For.Mr.Goodbar.ENG.PAL.en,1977,0.5,11
1977_Saturday.Night.Fever.1977.720p.BluRay.x264-CiNEFiLE.ENG,1977,0.5,14
1977_The Turning Point 1977 720p BRRip x264-PLAYNOW,1977,0.32999999999999996,10
1977_The.exorcist.II.-.the.heretic.[shareprovider.com],1977,0.5,6
1978_Every.Which.Way.But.Loose.1978.1080p.BluRay.x264-aAF.ENG,1978,0.32499999999999996,8
1978_Heaven.Can.Wait.1978.(El.Cielo.Puede.Esperar).DVDRip.XviD.MP3.Dual.ENG-ESP.English,1978,0.5136363636363637,11
1978_Superman.1978.Special.Edition.720p.BluRay.x264.DTS-WiKi.eng,1978,0.5,11
1978_Grease,1978,0.26363636363636367,11
1978_Jaws.2.ENG.25FPS,1978,0.37142857142857144,7
1979_Star Trek - The Motion Picture,1979,0.35,8
1979_Apocalypse Now Redux.en,1979,0.8611111111111113,18
1979_Moonraker. 1979. BluRay. 720p. x264. AC3-CMCT,1979,0.6833333333333335,6
1979_Rocky II,1979,0.41999999999999993,15
1979_10,1979,0.35555555555555557,9
1979_Alien.1979.Directors.Cut.720p.BluRay.x264.DTS-WiKi.EN,1979,0.5,8
1979_The.Jerk.1979.1080p.HDDVD.x264-FSiHD.ENG_HI,1979,0.39,10
1979_The.Amityville.Horror.1979.Blu-ray.Re.x264.1080p.DTS-HDS.ENG,1979,0.2833333333333333,6
1979_meatballs.1979.720p.bluray.x264-psychd-eng,1979,0.25909090909090915,11
1980_Kramer.vs.Kramer.BluRay.1080p.DTS.x264.dxva-EuReKA.ENG,1980,0.4818181818181818,11
1980_Stir Crazy,1980,0.6777777777777777,9
1980_The.Blues.Brothers.1980.EXTENDED.720p.BluRay.X264-AMIABLE,1980,0.45999999999999996,10
1980_SW.Episode.5.The.Empire.Strikes.Back.1980.BluRay.1080p.DTSES6.1.x264-CHD.eng,1980,0.6111111111111112,9
1980_Ordinary.People.1980.720p.WEB-DL.AAC2.0.H.264-BS.eng,1980,0.43333333333333335,12
1980_Any.Which.Way.You.Can.1980.XViD.5.1.AC3-ShitBusters.ENG,1980,0.32142857142857145,7
1980_Nine to Five,1980,0.5545454545454546,11
1980_Private.Benjamin.1980.720p.HDTVRip.XviD.AC3-RARBG.eng,1980,0.6333333333333333,9
1980_Coal Miners Daughter (1980) HDTV 2h 4m 8s @23.976fps.ENG-Hi,1980,0.4269230769230769,13
1981_The Four Seasons (1981)_aw,1981,0.45999999999999996,15
1981_History.Of.The.World.Part.I.1981.1080p.BluRay.x264-CiNEFiLE.ENG,1981,0.6333333333333333,9
1981_Superman.II.The.Richard.Donner.Cut.1980.720p.BluRay.x264.DTS-WiKi.eng,1981,0.7,9
1981_Stripes.1981.720p.BluRay.x264-CiNEFiLE,1981,0.5181818181818182,11
1981_Excalibur,1981,0.6428571428571429,7
1981_For.Your.Eyes.Only.1981.REAL.REPACK.1080p.BluRay.x264-RoCKRioT.ENG,1981,0.5666666666666667,6
1981_The.Great.Muppet.Caper.1981.AE.DVDRip.XviD-Shoo.ENG,1981,0.4090909090909091,11
1981_Bustin Loose (1981) - LordSadler,1981,0.7000000000000001,12
1981_the cannonball run eng bluray,1981,0.4090909090909091,11
1981_Endless.Love,1981,0.5,9
1982_Indiana.Jones.And.The.Raiders.Of.The.Lost.Ark.(1981).DVDrip.Xvid-DEiTY,1982,0.5,6
1982_The Best Little Whorehouse In Texas - 1982,1982,0.6357142857142856,14
1982_Poltergeist.1982.1080p.BluRay.x264-iKA.ENG,1982,0.14285714285714285,7
1982_An.Officer.and.a.Gentleman.1982.720p.BluRay.X264-AMIABLE,1982,0.5454545454545454,11
1982_Porkys,1982,0.32083333333333336,12
1982_E.T.The.Extra-Terrestrial.1982.720p.BluRay.X264-AMIABLE,1982,0.3833333333333333,6
1982_Star Trek 02 Wrath Of Khan 1982 1280x528.eng,1982,0.6111111111111112,9
1982_Arthur.1981.DudleyMoore(Huey),1982,0.4111111111111111,9
1982_Rocky III,1982,0.5363636363636364,11
1983_Tootsie,1983,0.5,15
1983_SW.Episode.6.Return.of.the.Jedi.1983.BluRay.1080p.DTSES6.1.x264-CHD.eng,1983,0.6857142857142857,7
1983_Octopussy.1983.DVD5.720p.HDTV.x264-NBS.eng,1983,0.7285714285714286,7
1983_Mr. Mom. 1983. DVDRip. x264-NoRBiT,1983,0.48,10
1983_WarGames.1983.1080p.BluRay.H264.AAC-RARBG.Hi,1983,0.7545454545454544,11
1983_Risky.Business.1983.PROPER.1080p.BluRay.x264-TFiN.ENG,1983,0.32499999999999996,8
1983_Staying.Alive.1983.DVDRip.XviD.AR - ENG,1983,0.4666666666666666,6
1983_Flashdance.[Flashdance].1983.DVDRip.XviD.telumethar.eDonkers.cd1.ENG,1983,0.5,4
1983_National.Lampoons.Vacation.1983.720p.BluRay.DD1.0.x264-CtrlHD,1983,0.4090909090909091,11
1983_Trading.Places.1983.BluRay.1080p.DTS.x264.dxva-FTW-HD.ENG,1983,0.53,10
1984_Footloose dvd rip[eng]XviD.Rets.en,1984,0.7444444444444445,9
1984_Beverly.Hills.Cop.1984.720p.BluRay.x264.DTS-WiKi.eng,1984,0.2899999999999999,10
1984_Indiana Jones and the Temple of Doom 1984 1080p Blu-ray AVC DTS-HD,1984,0.5,5
1984_Gremlins. 1984. 1080p. Bluray. X264-DIMENSION. ENG,1984,0.4666666666666666,6
1984_Star Trek 03 Search For Spock 1984 1280x544.eng,1984,0.5285714285714286,7
1984_Romancing.the.Stone.1984.720p.BluRay.x264-ESiR.ENG,1984,0.4666666666666666,6
1984_Police.Academy.1984.720p.BluRay.X264-AMIABLE,1984,0.6125,8
1984_Ghostbusters.1984.SE.DVDRip.XviD-UnSeeN.en,1984,0.45,10
1984_Terms.of.Endearment.1983.720p.BluRay.X264-AMIABLE,1984,0.4538461538461538,13
1984_The.Karate.Kid.1984.1080p.BluRay.x264-CiNEFiLE.ENG,1984,0.5,10
1985_Back.To.The.Future.1985.720p.BluRay.x264.DTS-WiKi.eng,1985,0.41818181818181815,11
1985_Rocky IV,1985,0.7999999999999999,9
1985_Police.Academy.2.Their.First.Assignment.1985.720p.BluRay.FLAC.x264-CtrlHD,1985,0.5,9
1985_Beverly. Hills. Cop. 1984. 720p. BluRay. x264. DTS-WiKi. eng,1985,0.2899999999999999,10
1985_Cocoon.1985.1080p.BluRay.x264-CiNEFiLE.ENG,1985,0.5,8
1985_The.Goonies.1985.720p.BluRay.DTS.x264-ESiR.ENG,1985,0.39999999999999997,10
1985_Rambo Acorralado II (1985)1080p-Dual-momos-[.HDG].ENG,1985,0.9,4
1985_Fletch.1985.1080p.BluRay.x264-Japhson.ENG,1985,0.6636363636363636,11
1985_Witness,1985,0.5666666666666668,6
1986_Ruthless.People.1986.German.DL.720p.HDTV.DD5.1.x264.eng,1986,0.54,10
1986_Back to School (1986).ENG,1986,0.44999999999999996,12
1986_The Color Purple_DVDrip_aviM720_DVD1_en,1986,0.6599999999999999,5
1986_Aliens.1986.Special.Edition.720p.BluRay.x264.DTS-WiKi.EN,1986,0.5,12
1986_Ferris.Buellers.Day.Off.1986.1080p.BluRay.x264-CiNEFiLE.ENG,1986,0.4055555555555556,9
1986_The. Karate. Kid. Part. II. 1986. 1080p. BluRay. x264-LCHD. ENG,1986,0.6142857142857144,7
1986_Top Gun,1986,0.45,8
1986_Out.Of.Africa.1985.REMASTERED.720p.BluRay.DTS.x264-PublicHD,1986,0.5,10
1986_Crocodile.Dundee.1986.720p.BluRay.X264-AMIABLE,1986,0.35714285714285715,7
1986_Star Trek 04 Voyage Home 1986 1280x544.eng,1986,0.6083333333333333,12
1987_Predator.1987.DVDRip.XviD.ShitBusters.ENG,1987,0.425,4
1987_Lethal.Weapon.1.1987.1080p.BluRay.x264-CtrlHD.ENG,1987,0.7125,8
1987_The.Secret.of.My.Success.1987.720p.BluRay.X264-AMIABLE,1987,0.5166666666666667,12
1987_The.Witches.Of.Eastwick.1987.1080p.Bluray.X264-BRMP.ENG,1987,0.6,8
1987_Fatal Attraction 1987 1080p BluRay Remux AVC TrueHD 5. 1 COMM-KESH. EN 23. 976,1987,0.37,10
1987_The.Untouchables.1987.720p.BluRay.DTS.x264-ESiR.ENG,1987,0.7625,8
1987_Stakeout (ENG),1987,0.509090909090909,11
1987_Platoon 1986 H264 Special Edition DVDRip,1987,0.7777777777777777,9
1987_Three Men and a Baby_(1987)_CtB,1987,0.36428571428571427,14
1987_Beverly.Hills.Cop.II.1987.720p.BluRay.x264.DTS-WiKi.eng,1987,0.5333333333333333,12
1988_Good Morning Vietnam,1988,0.7388888888888889,18
1988_Crocodile. Dundee. II. 1988. 720p. BluRay. x264-PSYCHD,1988,0.5,7
1988_Cocktail_Eng,1988,0.32999999999999996,10
1988_Big.1988.Extended.Edition.720p.BluRay.x264.YIFY.eng,1988,0.4269230769230769,13
1988_Coming.To.America.1988.1080p.BluRay.x264-Japhson.ENG,1988,0.5,9
1988_Who.Framed.Roger.Rabbit.1988.720p.BluRay.x264-HD4U,1988,0.5700000000000001,10
1988_Beetle.Juice.1988.720p.BluRay.x264-REVEiLLE.ENG,1988,0.475,8
1988_Die.Hard.1988.Bluray.1080p.DTSMA.x264.dxva-FraMeSToR.ENG,1988,0.52,10
1988_Moonstruck.1987.DVDRip.XviD-Shoo.ENG,1988,0.3888888888888889,9
1989_Batman.1989.720p.BluRay.x264-SiNNERS.ENG,1989,0.5285714285714286,7
1989_Back.to.the.Future.Part.II.1989.720p.BluRay.X264-AMIABLE,1989,0.5272727272727272,11
1989_Parenthood (1989),1989,0.3846153846153845,13
1989_Indiana.Jones.And.The.Last.Crusade.(1989).DVDRiP.XViD-DEiTY,1989,0.525,8
1989_Ghostbusters.II.1989.720p.BluRay.X264-AMIABLE-HI,1989,0.5,14
1989_ARG-LETHAL_WEAPON_2_1989__PALDVDRIP__XVID_MP3_ENG__A_RG,1989,0.7999999999999999,10
1989_Rain Man (1988).eng,1989,0.475,16
1989_Look_Who_Is_Talking_Eng,1989,0.2611111111111111,9
1989_Dead Poets Society 1989 ENG 25fps SDH utf-8,1989,0.5235294117647059,17
1989_Honey.I.Shrunk.The.Kids.1989.DVDRip.XviD.ENG,1989,0.25625000000000003,8
1990_Home.Alone.1990.1080p.BluRay.x264-HD1080.ENG,1990,0.3625,8
1990_Ghost,1990,0.24545454545454548,11
1990_Teenage.Mutant.Ninja.Turtles.1990.1080p.BluRay.x264-HDCLASSICS.ENG,1990,0.4428571428571429,7
1990_Driving Miss Daisy,1990,0.6666666666666666,9
1990_Pretty.Woman.1990.720p.BluRay.x264-AVS720.eng,1990,0.4266666666666667,15
1990_back.to.the.future.part.3.1990.720p.bluray.x264-nezu.eng,1990,0.45999999999999996,10
1990_Total.Recall.1990.BluRay.1080p.x264.DTS.dxva-xander.ENG,1990,0.8125,8
1990_The.Hunt.For.Red.October.1990.720p.HDDVD.x264-SiNNERS.ENG,1990,0.7545454545454546,11
1990_Die.Hard.2.1990.1080p.BluRay.x264-WPi.ENG,1990,0.75,12
1990_Dick.Tracy.1990.DVDRip.INTERNAL.XviD-VH-PROD,1990,0.5416666666666666,12
1991_The.Addams.Family.1991.720p.BluRay.X264-AMIABLE,1991,0.5,7
1991_Terminator.2.Judgement.Day.Directors.Cut.1991.1080p.HDDVD.DTS.x264-hV.ENG,1991,0.7857142857142857,7
1991_The.Silence.Of.The.Lambs.1991.BluRay.1080p.DTS.x264.dxva-EuReKA.ENG,1991,0.5,9
1991_The.Naked.Gun.2.1.2.The.Smell.of.Fear.1991.BluRay.720p.DTS.x264-beAst.eng,1991,0.75,8
1991_Teenage Mutant Ninja Turtles 2,1991,0.5,8
1991_Dances.With.Wolves.1990.Directors.Cut.BRRip.XviD.AC3-FLAWL3SS.fixed,1991,0.5777777777777778,9
1991_Sleeping.with.the.Enemy.1991.720p.BluRay.x264-HD4U-eng,1991,0.5,6
1991_Home.Alone.1990.1080p.BluRay.x264-HD1080.ENG,1991,0.3625,8
1991_City.Slickers.1991.1080p.X264.BluRay.X264-AMIABLE,1991,0.40769230769230763,13
1992_Under.Siege.1992.1080p.Bluray.x264-Q.ENG,1992,0.725,8
1992_waynes.world.1992.DVDRip.XviD.FBM.ENG,1992,0.19444444444444445,9
1992_The Hand That Rocks the Cradle [1992],1992,0.525,8
1992_Home Alone 2_ Lost in New York,1992,0.4555555555555555,9
1992_Basic.Instinct.1992.720p.HDDVD.x264-ESiR,1992,0.36,10
1992_Batman.Returns.1992.1080p.BluRay.x264-CiNEFiLE.ENG,1992,0.775,8
1992_A LEAGUE OF THEIR OWN [1992][MP3][DVDRIP-M333]-FLAWL3SS,1992,0.5,11
1992_ARG-LETHAL_WEAPON_3___1992__PALDVDRIP__XVID_MP3_ENG__A_RG,1992,0.5846153846153845,13
1992_Aladdin.1992.1080p.BluRay.X264-AMIABLE,1992,0.52,10
1992_Sister Act (1992)(includes lyrics),1992,0.4846153846153846,13
1993_The.Firm.1993.720p.BluRay.X264-AMIABLE,1993,0.62,15
1993_Mrs.Doubtfire.1993.720p.BluRay.x264-SiNNERS,1993,0.45714285714285713,14
1993_The.Fugitive.1993.Blu-ray.Re.x264.1080p.DTS-HDS.ENG,1993,0.6444444444444444,9
1993_Cliffhanger.1993.Blu-ray.720p.x264.DTS-CHD.ENG,1993,0.39374999999999993,8
1993_Sleepless In Seattle (1993).DVD.NonHI.pcc.en.TRSTR,1993,0.3166666666666667,12
1993_Proposta.Indecente.[1993].DVDRip.WS.AC3.UnitedShare.ENG,1993,0.4714285714285714,7
1993_In.the.Line.of.Fire.1993.Blu-ray.720p.x264.DD51-HiS@SiLUHD.ENG,1993,0.7777777777777778,9
1993_Jurassic.Park.TUC.1993.DVDRip.XviD.Subs.EN-UnSeeN,1993,0.32999999999999996,10
1993_Few Good Men (1992).DVD.NonHI.pcc.en.CLMB,1993,0.7950000000000002,20
1994_The.Mask.1994.BluRay.1080p.DTS.x264.dxva-EuReKA.ENG,1994,0.35714285714285715,7
1994_Interview.with.the.Vampire.2008.720p.BluRay.x264-ESiR.ENG,1994,0.5,8
1994_Clear.And.Present.Danger.1994.1080p.HDDVD.x264-hV.ENG,1994,0.8099999999999999,10
1994_Forrest Gump_1994_DVDrip_aviM720_en,1994,0.5384615384615384,13
1994_The.Lion.King.1994.720p.BluRay.DD5.1.x264-DON,1994,0.5375,8
1994_True.Lies.1994.720p.DTheater.DD5.1.x264-EbP,1994,0.7100000000000001,10
1994_Speed.1994.BluRay.1080p.DTS.x264.dxva-EuReKA.ENG,1994,0.43,10
1994_The.Flintstones.1994.720p.BluRay.x264-TRiPS,1994,0.43,10
1994_The.Santa.Clause.1994.DVDRip.XviD.iNTERNAL-iLs,1994,0.33636363636363636,11
1995_Casper.1995.720p.BluRay.X264-AMIABLE,1995,0.38571428571428573,7
1995_Batman. Forever. 1995. 1080p. BluRay. x264-CULTHD. ENG,1995,0.5,8
1995_Apollo.13.1995.DVDRip.Xvid.AC3-GoRDo.ENG,1995,0.3764705882352941,17
1995_Crimson.Tide.1995.1080p.Bluray.x264-FSiHD.ENG,1995,0.8230769230769232,13
1995_Pocahontas.1995.720p.BluRay.x264.DTS-WiKi.eng,1995,0.7000000000000001,8
1995_Ace.Ventura.When.Nature.Calls.1995.720p.BluRay.X264-AMIABLE,1995,0.5,7
1995_Die.Hard.With.A.Vengeance.1995.1080p.BluRay.x264-WPi.ENG,1995,0.7,16
1995_Waterworld.en,1995,0.7625,8
1995_Toy Story,1995,0.38,10
1996_The.Birdcage.1996.720p.BluRay.X264-AMIABLE-HI,1996,0.6538461538461539,13
1996_Mission.Impossible.1996.720p.BluRay.DD.x264-ESiR.ENG,1996,0.4666666666666666,6
1996_101_dalmatians-en,1996,0.5,7
1996_A.Time.To.Kill.1996.1080p.BluRay.x264-VOA,1996,0.8312500000000002,16
1996_Twister.1996.720p.BluRay.x264-HALCYON,1996,0.3375,8
1996_Independence.Day.1996.1080p.BluRay.DTS.x264-HDME.ENG,1996,0.6357142857142858,14
1996_The First Wives Club,1996,0.6181818181818183,11
1996_The.Nutty.Professor.1996.720p.DVD5.HDDVD.x264-hV.English,1996,0.2535714285714286,14
1996_The.Rock.1996.CRiTERiON.DVDRip.XviD.AC3-UnSeeN,1996,0.7285714285714286,14
1996_Ransom_EN,1996,0.5285714285714286,14
1997_Men.In.Black.1997.1080p.Blu-ray.AVC.DTS-HD.MA.5.1-CHDBits.english,1997,0.5222222222222223,9
1997_George Of The Jungle (1997).en,1997,0.25999999999999995,10
1997_Liar Liar,1997,0.5,9
1997_The.Lost.World.Jurassic.Park.1997.m-HD.AAC.Roboris.eng,1997,0.47777777777777775,9
1997_Titanic.1997.720p.BluRay.X264-AMIABLE,1997,0.3142857142857142,14
1997_Batman.and.Robin.1997.1080p.BluRay.x264-CULTHD.ENG,1997,0.44375,8
1997_My.Best.Friends.Wedding.1997.BDRip.X264-TLF,1997,0.26666666666666666,9
1997_Air.Force.One.1997.720p.BRrip.x264.YIFY,1997,0.7999999999999999,11
1997_Face.Off.1997.1080p.BD9.OXiDE.ENG,1997,0.6333333333333333,9
1998_Theres.Something.About.Mary.1998.Extended.1080p.BluRay.x264.Codres.ENG,1998,0.2699999999999999,15
1998_Rush Hour 1,1998,0.6,10
1998_The.Waterboy.1998.INTERNAL.DVDRip.XViD-BeRRa,1998,0.33499999999999996,10
1998_Godzilla,1998,0.43333333333333335,9
1998_Armageddon.1998.BluRay.1080p.DTSMA.x264.dxva-SuBoXoNe.ENG,1998,0.495,20
1998_Good.Will.Hunting.1997.BluRay.1080p.DTS.h264.REMUX.dxva-EuReKA.ENG,1998,0.48235294117647054,17
1998_dr_dolittle_engl,1998,0.44090909090909086,11
1998_Deep Impact (1998),1998,0.8363636363636364,11
1998_Saving.Private.Ryan.720p.HDTV.Premiere.DTS.x264-ESiR,1998,0.6666666666666666,12
1999_The Blair Witch Project.DVDRip.Occor,1999,0.43333333333333335,9
1999_The.Matrix.1999.720p.HDDVD.DTS.x264-ESiR.ENG,1999,0.7666666666666666,9
1999_The.Mummy.1999.Blu-ray.720p.x264.DTS-CHD.ENG,1999,0.5,8
1999_Runaway Bride (1999) [BluRay] [1080p] [YTS.AM].eng,1999,0.23928571428571432,14
1999_Toy.Story.2.1999.DVDRip.XviD-ShitBusters,1999,0.45454545454545453,11
1999_[HDteam] Austin.Powers.La.Espia.que.me.Achucho.1999.[1080p].[BluRay].[x264].[Dual].[Subs]-by Ruben,1999,0.5,9
1999_The.Sixth.Sense.1999.REMASTERED.720p.BluRay.x264-iLLUSiON,1999,0.4333333333333333,6
1999_Star Wars Episode I The Phantom Menace eng,1999,0.6272727272727273,11
1999_Walt Disney Tarzan(1999) XviD avi DVDrip,1999,0.38333333333333336,6
1999_big. daddy. 1999. 720p. bluray. x264-amiable. EN,1999,0.2958333333333333,12
2000_Scary Movie 1 iNT DvD RiP- WaCkOs,2000,0.4636363636363636,11
2000_Mission.Impossible.II.2000.720p.BluRay.DTS.x264-ESiR.ENG,2000,0.5428571428571428,7
2000_X-Men ;[2000];[1080p];[Shadowl0rd].ENG,2000,0.7166666666666667,6
2000_Erin Brokovich.2000.BluRay.1080p.x264-HQF.ENG,2000,0.6923076923076924,13
2000_What.Lies.Beneath.2000.720p.WEB-DL.DD5.1.H.264-ViGi,2000,0.14285714285714285,7
2000_Meet.the.Parents.2000.HD-DVD-Rip.x264.1080p.DTS-de[42].ENG,2000,0.5,12
2000_The.Perfect.Storm.2000.720p.BluRay.DDEX.x264-ESiR.ENG,2000,0.32499999999999996,8
2000_Gladiator.EXTENDED.EDITION.2000.BluRay.1080p.DTS.x264.dxva-EuReKA.ENG,2000,0.7777777777777778,9
2000_How.the.Grinch.Stole.Christmas.2000.REMASTERED.720p.BluRay.X264-AMIABLE,2000,0.425,8
2000_Dinosaur.2000.PROPER.1080p.BluRay.x264-Japhson,2000,0.45,4
2001_Pearl.Harbor.2001.DVD9.720p.BluRay.x264-hV,2001,0.6499999999999999,16
2001_The.Lord.of.the.Rings.The.Fellowship.of.the.Ring.Extended.Editions.2001.1080p.BluRay.x264.,2001,0.7071428571428571,14
2001_The.Mummy.Returns.2001.720p.Blu-ray.x264.AC3-CHD.ENG,2001,0.5,6
2001_Planet.of.the.Apes.2001.BluRay.720p.x264.DTS-MySiLU.eng,2001,0.8,5
2001_Rush.Hour.2.2001.720p.BluRay.X264-AMIABLE,2001,0.5,10
2001_Jurassic.Park.III[2001]DvDrip-aXXo,2001,0.3666666666666667,6
2001_Hannibal.2001.1080p.BluRay.x264-iKA.ENG,2001,0.5181818181818182,11
2001_Monsters.Inc.2001.BluRay.1080p.DTS.x264.dxva-EuReKA.ENG,2001,0.5181818181818182,11
2001_Shrek,2001,0.5,9
2001_Harry.Potter.and.the.Philosophers.Stone.2001.720p.HDDVD.DTS.x264-ESiR.ENG,2001,0.39,10
2002_Men.In.Black.II.2002.1080p.Blu-ray.AVC.DTS-HD.MA.5,2002,0.47777777777777775,9
2002_My.Big.Fat.Greek.Wedding.2002.DVDRip.XviD.AR - ENG,2002,0.3125,8
2002_Star.Wars.Episode.II.Attack.of.the.Clones.(2002).DVDRip.XviD-UnSeeN,2002,0.7555555555555555,9
2002_Austin.Powers.in.Goldmember.2002.720p.BluRay.x264-REVEiLLE.ENG,2002,0.5,9
2002_Spider-Man.2002.720p.BluRay.DTS.x264-ESiR.ENG,2002,0.4222222222222222,9
2002_A.Beautiful.Mind.2001.BluRay.720p.DTS.x264-CHD.eng,2002,0.54,10
2002_Signs.2002.720p.BluRay.x264.DTS-HDChina.eng,2002,0.5,7
2002_[TLOTR]The.Two.Towers.CD1[2002][Special.Extended.Edition]DvDrip[Eng]-aXXo,2002,0.5428571428571428,7
2002_Harry.Potter.and.the.Chamber.of.Secrets.2002.720p.HDDVD.DTS.x264-ESiR.ENG,2002,0.5,13
2002_Ice Age.English,2002,0.45999999999999996,5
2003_Terminator.3.2003.720p.HDDVD.x264-ESiR.ENG,2003,0.7833333333333333,6
2003_Pirates.of.the.Caribbean.The.Curse.of.the.Black.Pearl.Remastered.2003.720p.BluRay.DTSx264-ESiR.eng,2003,0.5,10
2003_X2 X-Men United 2003 Dvdrip Xvid Ac3.5.1Ch Cd1-Waf,2003,0.75,4
2003_Elf.2003.BDRE.720p.x264.AC3-SiLUHD.ENG,2003,0.14545454545454545,11
2003_TLOTR.The.Return.of.the.King.2003.Extended.BluRay.1080p.DTSES6.1.x264-CHD.eng,2003,0.7272727272727272,11
2003_Bad.Boys.II.2003.720p.BluRay.X264-AMIABLE,2003,0.5125,16
2003_Bruce.Almighty.2003.[1280x694].23.976fps.720p.BRRip.x264-ENG,2003,0.4818181818181818,11
2003_The.Matrix.Reloaded.2003.720p.HDDVD.DTS.x264-ESiR.ENG,2003,0.65,10
2003_Finding.Nemo.720p.HDTV.DTS.x264-CtrlHD,2003,0.40833333333333327,12
2003_Chicago.2002.PROPER.1080p.BluRay.x264-LCHD.ENG,2003,0.4846153846153846,13
2004_The.Incredibles.2004.720p.BluRay.X264-AMIABLE.eng,2004,0.5636363636363636,11
2004_The.Day.After.Tomorrow.2004.1080p.BluRay.x264-MUVI.eng,2004,0.6909090909090909,11
2004_Shark Tale.en,2004,0.4227272727272727,11
2004_Spider-Man.2.1.2004.720p.BluRay.DTS.x264-ESiR.ENG,2004,0.5,9
2004_The.Passion.Of.The.Christ.2004.DVDRip.AC3.XviD-OS.iLUMiNADOS.ENG,2004,0.7250000000000001,4
2004_H.P.3-Prisoner.Of.Azkaban[2004]DvDrip-aXXo,2004,0.5,12
2004_National.Treasure.2004.BluRay.1080p.DTS.x264.dxva-EuReKA.ENG,2004,0.48333333333333334,12
2004_Shrek.2.2004.720p.BluRay.x264-MELiTE.eng,2004,0.5,10
2004_The.Bourne.Supremacy.2004.720p.BluRay.DTS.x264-ESiR,2004,0.6833333333333332,6
2004_The.Polar.Express.2004.BluRay.1080p.DTS.x264.dxva-EuReKA.ENG,2004,0.10000000000000002,6
2005_Batman.Begins.2005.1080p.HDDVD.x264-hV.ENG,2005,0.5818181818181818,11
2005_Wedding.Crashers.2005.UNRATED.1080p.BluRay.x264-CiNEFiLE.ENG,2005,0.3588235294117647,17
2005_Mr.And.Mrs.Smith.2005.1080p.BluRay.x264-TiMELORDS.ENG,2005,0.475,8
2005_Charlie.and.the.Chocolate.Factory.2005.BluRay.1080p.DTS.x264.dxva-wsp.ENG,2005,0.3777777777777777,9
2005_Hitch.2005.WS.DVDRiP.XViD-CCTV.en,2005,0.4333333333333333,12
2005_War.of.the.Worlds.2005.mHD.Bluray.DD5.1.x264-EPiK.eng,2005,0.6333333333333333,9
2005_The.Chronicles.Of.Narnia.2005.BluRay.1080p.DTS.x264.dxva-EuReKA.ENG,2005,0.5,8
2005_Harry.Potter.and.the.Goblet.of.Fire.2005.720p.HDDVD.DTS.x264-ESiR.ENG,2005,0.5750000000000001,12
2005_Madagascar[2005]DvDrip-aXXo.en,2005,0.32222222222222224,9
2005_Star.Wars.Episode.III.Revenge.of.the.Sith.(2005).DVDRip.XviD-UnSeeN,2005,0.911111111111111,9
2006_Pirates.of.the.Caribbean.Dead.Mans.Chest.2006.DIRFIX.DVD9.720p.BluRay.x264-REVEiLLE.eng,2006,0.5,10
2006_Superman.Returns.2006.1080p.BluRay.x264-HANGOVER.ENG,2006,0.5875,8
2006_The.Da.Vinci.Code.2006.Extended.720p.BluRay.x264-BestHD.eng,2006,0.6428571428571429,14
2006_X-Men.The.Last.Stand.PROPER.DVDRip.XviD-DoNEINGLES,2006,0.7999999999999999,6
2006_Over.The.Hedge[2006]DvDrip.AC3[Eng]-aXXo,2006,0.5,7
2006_Ice.Age.2.The.Meltdown.1080p.BluRay.DTS.x264-ESiR.ENG,2006,0.4333333333333333,6
2006_Casino.Royale.2006.DVD9.720p.BluRay.DTS.x264-REVEiLLE.ENG,2006,0.5,8
2006_Talladega.Nights.1080p.BluRay.WMV-HD.BD9-KOADIC.ENG,2006,0.3999999999999999,18
2006_Happy.Feet.2006.1080p.BD9.x264-IGUANA.ENG,2006,0.5363636363636364,11
2006_Cars.2006.BRRip.XviD.AC3.D-Z0N3,2006,0.3,13
2007_Spider.Man.3.2007.1080p.BluRay.x264.YIFY,2007,0.42499999999999993,8
2007_[HDTeam]El Ultimatum De Bourne[1080p-Bluray][Dual+Subs][By Devilmort].ENG,2007,0.6714285714285715,7
2007_I.Am.Legend[2007]DvDrip[Eng]-aXXo.en,2007,0.5,5
2007_The.Simpsons.Movie[2007]DvDrip.AC3[Eng]-aXXo,2007,0.7999999999999999,8
2007_Shrek.the.Third.(2007).DVDRip.AC3.XviD-UnSeeN,2007,0.5750000000000001,8
2007_Tranformers.2007.1080p.BluRay.DTS.x264-ESiR.ENG,2007,0.3875,16
2007_300.eng,2007,0.8571428571428571,7
2007_Ratatouille.2007.720p.BluRay.DTS.x264-ESiR.ENG,2007,0.3181818181818181,11
2007_Harry.Potter.and.the.Order.of.the.Phoenix.2007.720p.BluRay.DTS.x264-ESiR.ENG,2007,0.7999999999999999,11
2007_POTC 3 - At Worlds End (2007) 720p BluRay AC3 x264 - AdiT.english,2007,0.7272727272727273,11
2008_Horton Hears a Who![2008]DvDrip AC3[Eng]-FXG,2008,0.7124999999999999,8
2008_Hancock.720p.BluRay.x264-REFiNED.ENG,2008,0.5,9
2008_Quantum.Of.Solace[2008]DvDrip-aXXo.en,2008,0.7999999999999999,7
2008_Kung.Fu.Panda[2008]DvDrip-aXXo.en,2008,0.2928571428571428,7
2008_Indiana.Jones.And.The.Kingdom.Of.The.Crystal.Skull[2008]DvDrip-aXXo.en,2008,0.5625,8
2008_Wall-E[2008]DvDrip-aXXo.en,2008,0.68,5
2008_Iron.Man[2008]DvDrip-aXXo.en,2008,0.6333333333333333,12
2008_devise-twilight.en,2008,0.23636363636363633,11
2008_TheDarkKnight_2008_DVD-NikonXp.EN,2008,0.7625000000000002,16
2008_Madagascar-Escape.2.Africa[2008]DvDrip-aXXo.en,2008,0.5,9
2009_The.Hangover.DVDRip.XviD-DoNE,2009,0.21923076923076923,13
2009_The.Blind.Side.2009.720p.BluRay.x264.YIFY.eng,2009,0.5133333333333333,15
2009_Transformers.Revenge.of.the.Fallen.IMAX.Edition.2009.1080p.BluRay.DTS.x264-DON.ENG,2009,0.54375,16
2009_The.Twilight.Saga.New.Moon.2009.Bluray.1080p.DTSMA.x264.dxva-FraMeSToR.ENG,2009,0.3666666666666666,9
2009_Ice.Age.3 .R5.LINE.XviD-COALiTiON (Edited),2009,0.325,6
2009_Up.2009.480p.BRRip.XviD.AC3-ViSiON,2009,0.5,7
2009_Harry.Potter.and.the.Half.Blood.Prince.2009.720p.BluRay.DTS.x264-WiKi.eng,2009,0.5181818181818182,11
2009_Monsters Vs Aliens[2009]DvDrip-aXXo,2009,0.5,8
2009_Avatar.(2009).BDRip.AC3.XviD-D-Z0N3,2009,0.6909090909090909,11
2009_Star.Trek.2009.BluRay.1080p.DTS.x264.dxva-EuReKA.ENG,2009,0.5750000000000001,12
2010_The.Twilight.Saga.Eclipse.720p.Bluray.x264-CBGB.eng,2010,0.45999999999999996,10
2010_Alice.In.Wonderland.2010.Bluray.1080p.DTSHD-MA.x264.dxva-FraMeSToR.ENG,2010,0.5285714285714286,7
2010_dmd-ts3,2010,0.58,10
2010_Avatar.(2009).BDRip.AC3.XviD-D-Z0N3,2010,0.6909090909090909,11
2010_timpe-inception,2010,0.5142857142857143,14
2010_despicable.me.dvdrip.xvid-imbt.en,2010,0.3666666666666667,6
2010_How.to.Train.Your.Dragon.(2010).BDRip.AC3.XviD-CaLLiOpeD,2010,0.4142857142857143,7
2010_Iron.Man.2.(2010).BDRip.AC3.XviD-CaLLiOpeD,2010,0.6153846153846154,13
2010_nedivx-shrek4.en,2010,0.5750000000000001,8
2011_Fast.Five.2011.720p.BluRay.x264.DTS-WiKi.eng,2011,0.5444444444444445,9
2011_The.Twilight.Saga.Breaking.Dawn.Part.1.2011.720p.BluRay.x264-SPARKS English,2011,0.44999999999999996,8
2011_The. Hangover. Part. II. 2011. 720p. BrRip. x264. YIFY,2011,0.32692307692307687,13
2011_Rise.of.the.Planet.of.the.Apes.2011.BluRay.1080p.DTS.x264-CHD,2011,0.6599999999999999,5
2011_Thor,2011,0.475,8
2011_POTC 4 - On Stranger Tides (2011) 720p BluRay AC3 x264 - AdiT.english,2011,0.48,10
2011_Transformers.Dark.Of.The.Moon.2011.BluRay.720p.DTS.x264-CHD.eng,2011,0.8062500000000001,16
2011_Captain.America.The.First.Avenger.2011.BluRay.720p.DTS.x264-CHD.eng,2011,0.7222222222222222,9
2011_Cars.2.720p.BluRay.x264.REPACK-METiS.eng,2011,0.6384615384615384,13
2012_MSAR. EN2,2012,0.47777777777777775,9
2012_Skyfall.2012.720p.BluRay.x264-DAA.eng,2012,0.65,8
2012_The.Hunger.Games.2012.720p.BluRay.x264.DTS-HDChina.eng,2012,0.7999999999999999,8
2012_TED 2012 TS XViD - INSPiRAL,2012,0.4124999999999999,12
2012_The.Avengers.2012.DVDRip.X264.AC3-NYDIC,2012,0.5666666666666667,12
2012_Brave.2012.720p.BluRay.x264.AC3-HDChina,2012,0.5,6
2012_amazingspiderman,2012,0.45999999999999996,10
2012_The.Hobbit.An.Unexpected.Journey.2012.720p.BluRay.x264-SPARKS.eng,2012,0.5,12
2012_The.Dark.Knight.Rises.2012.720p.BluRay.x264-SPARKS,2012,0.8357142857142857,14
2012_The.Twilight.Saga.Breaking.Dawn.Part.2.2012.NEW.TS.XviD.AC3-ADTRG,2012,0.5,6
2013_Frozen.2013.720p.BluRay.x264-SPARKS,2013,0.5,10
2013_Oz.the.Great.and.Powerful.2013.720p.BluRay.x264-SPARKS,2013,0.5,10
2013_Fast.And.Furious.6.2013.1080p.WEB-DL.H264-BLUEBIRD,2013,0.5,10
2013_The.Hunger.Games.Catching.Fire.2013.IMAX.EDITION.720p.BluRay.x264-PublicHD,2013,0.9363636363636364,11
2013_Iron.Man.3.2013.720p.BluRay.x264-SPARKS,2013,0.6142857142857142,14
2013_Gravity.2013.BluRay.720p.x264.DTS-HDWinG,2013,0.31428571428571433,7
2013_Despicable.Me.2.2013.720p.BluRay.x264-VeDeTT,2013,0.42857142857142855,7
2013_Star.Trek.Into.Darkness.2013.BluRay.720p.x264-HDWinG,2013,0.7000000000000001,13
2013_Man.Of.Steel.2013.720p.BluRay.x264-Felony,2013,0.7222222222222223,9
2013_Monsters University,2013,0.45999999999999996,10
2014_Big.Hero.6.2014.720p.BluRay.x264-SPARKS,2014,0.475,8
2014_The.Hunger.Games.Mockingjay.Part.1.2014.720p.BluRay.x264-SPARKS,2014,0.97,10
2014_Maleficent.2014.720p.BluRay.x264-SPARKS,2014,0.6,5
2014_Dawn.of.the.Planet.of.the.Apes.2014.1080p.BluRay.x264-SPARKS,2014,0.86,5
2014_Transformers.Age.of.Extinction.2014.720p.BluRay.x264-BLOW,2014,0.73125,16
2014_X-Men.Days.of.Future.Past.2014.720p.BluRay.X264-AMIABLE,2014,0.8666666666666666,9
2014_Captain.America.The.Winter.Soldier.2014.720p.BluRay.x264-SPARKS,2014,0.8818181818181817,11
2014_The.Lego.Movie.2014.BluRay.720p.x264.DTS-HDWinG,2014,0.5714285714285714,14
2014_The.Amazing.Spider-Man.2.2014.720p.BluRay.x264-BLOW,2014,0.5,12
2014_Guardians.of.the.Galaxy.2014.DVDRip.X264.AC3.5.1-PLAYNOW,2014,0.5444444444444445,9
2015_Star.Wars.Episode.VII.The.Force.Awakens.2015.720p.BluRay.x264-Replica,2015,0.7000000000000001,9
2015_Minions.2015.720p.BluRay.x264-GECKOS,2015,0.5,6
2015_Cinderella. 2015. 720p. BluRay. x264-SPARKS,2015,0.37499999999999994,10
2015_The.Hunger.Games.Mockingjay.Part.2.2015.720p.BluRay.x264-SPARKS,2015,0.9400000000000001,10
2015_Jurassic World,2015,0.5,9
2015_American.Sniper.2014.720p.BluRay.x264-SPARKS,2015,0.6615384615384616,13
2015_Inside.Out.2015.1080p.WEB-DL.AAC2.0.H264-RARBG,2015,0.3181818181818182,11
2015_Avengers.Age.of.Ultron.2015.720p.BluRay.x264-SPARKS,2015,0.6846153846153846,13
2015_The.Martian.2015.720p.BluRay.x264-SPARKS,2015,0.5230769230769231,13
2015_Furious.Seven.2015.EXTENDED.720p.BluRay.x264-SPARKS,2015,0.5,10
2016_Finding.Dory.2016.720p.BluRay.X264-AMIABLE,2016,0.3153846153846154,13
2016_The. Jungle. Book. 2016. 720p. BluRay. x264-AN0NYM0US,2016,0.525,8
2016_Rogue.One.2016.720p.BluRay.x264-SPARKS,2016,0.8099999999999999,10
2016_The.Secret.Life.of.Pets.2016.720p.BluRay.x264-SPARKS,2016,0.4142857142857143,7
2016_Zootopia.2016.720p.BluRay.x264-SPARKS,2016,0.75,12
2016_Deadpool,2016,0.45999999999999996,10
2016_Captain.America.Civil.War.2016.720p.BluRay.X264-AMIABLE,2016,0.8083333333333335,12
2016_Batman.v.Superman.Dawn.of.Justice.2016.EXTENDED.720p.BluRay.x264-SPARKS,2016,0.8090909090909091,11
2016_Suicide.Squad.2016.EXTENDED.720p.BluRay.x264-SPARKS,2016,0.61,10
2017_It,2017,0.5,9
2017_Guardians.of.the.Galaxy.Vol.2.2017.720p.BluRay.x264-SPARKS,2017,0.5363636363636364,11
2017_Thor.Ragnarok.2017.720p.WEB-DL.H264.AC3-EVO,2017,0.5636363636363636,11
2017_Star.Wars.The.Last.Jedi.2017.720p.BluRay.x264-SPARKS,2017,0.7999999999999999,9
2017_Despicable. Me. 3. 2017. 720p. BluRay. X264-AMIABLE,2017,0.4642857142857143,7
2017_Wonder.Woman.2017.720p.BluRay.x264-SPARKS,2017,0.7454545454545454,11
2017_The.Fate.of.the.Furious.2017.720p.BluRay.x264-SPARKS,2017,0.7272727272727273,11
2017_Spider-Man.Homecoming.2017.720p.BluRay.x264-SPARKS,2017,0.5285714285714286,14
2017_Logan,2017,0.7999999999999999,9
2018_Mission.Impossible.Fallout.2018.KORSUB.HDRip.x264-STUTTERSHIT,2018,0.8,11
2018_Solo.A.Star.Wars.Story.2018.720p.BluRay.x264.DTS-HDC,2018,0.5666666666666668,12
2018_The.Grinch.2018.1080p.WEB-DL.X264.DD5.1-SeeHD,2018,0.33888888888888885,9
2018_Deadpool 2,2018,0.7166666666666667,12
2018_Jurassic World Fallen Kingdom (2018) 720p English HDCAM-Rip - x264 - MP3 750MB,2018,0.6875000000000001,8
2018_The.Incredibles.2.2018.HDTC.Versions,2018,0.7538461538461539,13
2018_Ant Man and the Wasp 2018 New HDCAM-X264-Sexxy,2018,0.5,11
2018_Black.Panther.2018.720p.BluRay.x264-SPARKS,2018,0.82,10
2018_Avengers Infinity War 2018 NEW PROPER HD-CAM 720p Hindi + English X264 CPG - KatmovieHD.Ney,2018,0.7,10
2018_Jumanji.Welcome.to.the.Jungle.2017.1080p.WEB-DL.DD5.1.H264-FGT,2018,0.44999999999999996,12
2019_Joker.2019.720p.HC.HDRip.XviD.AC3-EVO,2019,0.8222222222222222,9
2019_Captain Marvel (2019).[720p HQ DVDScr - HQ Line Audios - [Hindi + Eng] - x264 - 950MB],2019,0.6000000000000001,9
2019_Aladdin.2019.720p.WEB-DL.x264.AAC-BonsaiHD,2019,0.5428571428571429,14
2019_Avengers Endgame 2019 NEW 720p HDCAM x264-iMaX,2019,0.6076923076923076,13
2019_Toy.Story.4.2019.720p.HDCAM-1XBET,2019,0.44090909090909086,11
2019_Spider-Man.Far.From.Home.2019.V3.1080p.NEW.HDTC.H264.AC3.ADDS.CUT.BLURRED.Will1869,2019,0.5307692307692308,13
2019_Star.Wars.Episode.IX.The.Rise.of.Skywalker.2020.BDRip.XviD.AC3-EVO,2019,0.811111111111111,9
2019_The.Lion.King.2019.BDRip.XviD.AC3-EVO,2019,0.5888888888888889,9
2019_Frozen.II.2019.DVDScr.XVID.AC3.HQ.Hive-CM8,2019,0.7200000000000001,10
2019_It.Chapter.Two.2019.HDRip.XviD.AC3-EVO,2019,0.5,14
2020_Jumanji.The.Next.Level.2019.HC.720p.HDRip.800MB.x264-GalaxyRG,2020,0.4272727272727272,11
2020_Sonic.The.Hedgehog.2020.720p.WEBRip.x264.AAC-.YTS.MX,2020,0.3949999999999999,10
2020_Birds.of.Prey.And.the.Fantabulous.Emancipation.of.One.Harley.Quinn.2020.HC.720p.HDRip.800M,2020,0.54,10
2020_The.Invisible.Man.2020.HDRip.XviD.AC3-EVO,2020,0.4333333333333333,6
2020_1917,2020,0.5666666666666668,6
2020_Dolittle.2020.HDRip.800MB.x264-GalaxyRG,2020,0.52,10
2020_The Call of the Wild.2020.HDRip.XviD.AC3-EVO,2020,0.35000000000000003,4
2020_Bad.Boys.for.Life.2020.1080p.HDRip.X264.AC3-EVO,2020,0.5333333333333333,12
2021_Ghostbusters.Afterlife.2021.1080p.AMZN.WEB-DL.DDP5.1.H.264-EVO,2021,0.43333333333333335,9
2021_Black.Widow.2021.1080p.WEB.H264-TIMECUT,2021,0.7999999999999999,9
2021_Venom.Let.There.Be.Carnage.2021.HDRip.XviD.AC3-EVO,2021,0.5,9
2021_A.Quiet.Place.Part.II.2020.PROPER.1080p.WEB-DL.DDP5.1.Atmos.H264-CMRG,2021,0.5,2
2021_F9. The. Fast. Saga. 2021. THEATRICAL. 1080p. BluRay. x264-RUSTED,2021,0.6090909090909091,11
2021_No.Time.to.Die.1080p.AMZN.WEB-DL.DDP5.1.H.264-CMRG,2021,0.7363636363636363,11
2021_Free.Guy.2021.BDRip.XviD.AC3-EVO.v2,2021,0.5142857142857143,14
2021_Spider-Man_No_Way_Home.2022.1080p.Bluray.DTS-HD.MA.5.1.X264-EVO,2021,0.56,15
2021_Eternals.2021.1080p.WEB-DL.DDP5.1.H.264-EVO.v2,2021,0.6599999999999999,10
2021_Shang-Chi. And. The. Legend. Of. The. Ten. Rings. 2021. 1080p. BluRay. x264-VETO,2021,0.5444444444444445,9
2022_Doctor.Strange.in.the.Multiverse.of.Madness.2022.1080p.WEB-DL.DDP5.1.Atmos.H.264,2022,0.6125,8
2022_Sonic. the. Hedgehog. 2. 2022. 1080p. WEBRip. DDP5. 1. Atmos. x264-NOGRP,2022,0.2899999999999999,10
2022_Minions.The.Rise.Of.Gru.2022.1080p.AMZN.WEB-DL.DDP5.1.H.264-CMRG,2022,0.5,5
2022_Black.Panther.Wakanda.Forever.2022.1080p.BluRay.x264.DTS-HD.MA.7.1-MT,2022,0.7666666666666667,12
2022_Jurassic World_ Dominion,2022,0.7454545454545454,11
2022_Top.Gun.Maverick.2022.KORSUB.IMAX.1080p.WEBRip.AAC2.0.x264-SHITBOX,2022,0.5181818181818182,11
2022_Avatar The Way of Water (2022) 1080p BluRay AVC REMUX DTS-HD_ENG,2022,0.7833333333333333,12
2022_The.Batman.2022.HDRip.850MB.c1nem4.x264-SUNSCREEN,2022,0.8153846153846155,13
2022_Thor.Love.and.Thunder.2022.1080p.WEB-DL.DDP5.1.Atmos.H.264-EVO,2022,0.6272727272727273,11
2023_Spider Man Across the Spider Verse 2023 1080p V3 NEW No Chew Edition HDTS Video X264 Will1869,2023,0.5533333333333333,15
2023_The.Little.Mermaid.2023.1080p.WEB-DL.DDP5.1.Atmos.H.264 (v3),2023,0.4666666666666666,12
2023_Guardians.of.the.Galaxy.Vol.3.2023.1080p.WEB-DL.DDP5.1.Atmos.H.264-CMRG (v2),2023,0.78,10
2023_Ant.Man.And.The.Wasp.Quantumania.2023.1080p.WEB-DL.DDP5.1.Atmos.H.264-CMRG,2023,0.7333333333333333,9
2023_Oppenheimer,2023,0.8192307692307695,26
2023_The.Super.Mario.Bros.Movie.2023.1080p.MA.WEBRip.DDP5.1.Atmos.x264-CMaRioG,2023,0.5,6
2024_Gladiator.II,2024,0.8285714285714285,7
2024_Despicable.Me,2024,0.41250000000000003,8
2024_It.Ends.With.Us,2024,0.5499999999999999,12
2024_The.Wild.Robot,2024,0.4375,8
2024_A.Quiet.Place.Day.One,2024,0.6,2
2024_Kingdom.Of.The.Planet.Of.The.Apes,2024,0.8,4
2024_Godzilla.x.Kong.The.New.Empire,2024,0.5571428571428572,7
2024_Beetlejuice,2024,0.5,10
2024_Mufasa.The.Lion.King,2024,0.75,12
2024_Ghostbusters.Frozen.Empire,2024,0.5,10
2024_Inside.Out.2,2024,0.40833333333333327,12
2024_Moana.2,2024,0.5222222222222223,9
2024_Venom. The. Last. Dance,2024,0.5,7
2024_Kung. Fu. Panda. 4,2024,0.53,10
2024_Twisters,2024,0.4538461538461538,13
2024_Dune.Part.Two,2024,0.95,2
2024_Wicked_2024,2024,0.7142857142857143,14
2024_Deadpool.and.Wolverine,2024,0.6866666666666666,15
2024_Sonic The Hedgehog 3,2024,0.5444444444444444,9
2024_Bad.Boys.Ride.Or.Die,2024,0.7272727272727273,11
2025_Nosferatu,2025,0.5555555555555556,9
2025_Sinners,2025,0.6461538461538462,13
2025_A Complete Unknown,2025,0.725,16
2025_Snow.White,2025,0.6888888888888889,9
2025_A. Minecraft. Movie,2025,0.5222222222222223,9
2025_Mickey17,2025,0.8066666666666668,15
2025_Captain.America.Brave.New.World,2025,0.7999999999999999,11
2025_One.Of.Them.Days,2025,0.5285714285714286,14
2025_Dog.Man,2025,0.4375,8
