year,title,hero_name,hero_nationality,hero_entity_type,hero_confidence,villain_name,villain_nationality,villain_entity_type,villain_confidence,moral_category,moral_confidence
2005,The.Chronicles.Of.Narnia.2005.BluRay.1080p.DTS.x264.dxva-EuReKA.ENG heroes and moral,Lucy Pevensie,GBR,INDIVIDUAL,0.9,The White Witch,FICT,SUPERNATURAL,0.8,CARE,0.7
2015,Inside.Out.2015.1080p.WEB-DL.AAC2.0.H264-RARBG heroes and moral,Joy,FICT,INDIVIDUAL,0.9,Sadness,FICT,INDIVIDUAL,0.7,CARE,0.8
1983,SW.Episode.6.Return.of.the.Jedi.1983.BluRay.1080p.DTSES6.1.x264-CHD.eng heroes and moral,Luke Skywalker,FICT,INDIVIDUAL,0.9,Jabba the Hutt,FICT,INDIVIDUAL,0.8,LIBERTY,0.7
1988,Who.Framed.Roger.Rabbit.1988.720p.BluRay.x264-HD4U heroes and moral,Eddie Valiant,USA,INDIVIDUAL,0.9,Judge Doom,USA,INDIVIDUAL,0.8,LIBERTY,0.7
2013,Despicable.Me.2.2013.720p.BluRay.x264-VeDeTT heroes and moral,Gru,FICT,INDIVIDUAL,0.9,El Macho,MEX,INDIVIDUAL,0.8,CARE,0.7
1977,Star.Wars.Episode.IV.A.New.Hope.(1977).DVDRip.XviD-UnSeeN heroes and moral,Luke Skywalker,FICT,INDIVIDUAL,0.9,Darth Vader,FICT,INDIVIDUAL,0.9,LIBERTY,0.8
2007,Ratatouille.2007.720p.BluRay.DTS.x264-ESiR.ENG heroes and moral,Remy,FICT,INDIVIDUAL,0.9,UNKNOWN,UNKNOWN,UNKNOWN,0.5,CARE,0.8
1980,Any.Which.Way.You.Can.1980.XViD.5.1.AC3-ShitBusters.ENG heroes and moral,Philo Beddoe,USA,INDIVIDUAL,0.9,Jack Wilson,UNKNOWN,INDIVIDUAL,0.7,FAIR,0.8
2008,Wall-E[2008]DvDrip-aXXo.en heroes and moral,WALL-E,FICT,INDIVIDUAL,0.9,AUTO,FICT,SUPERNATURAL,0.8,CARE,0.8
1979,meatballs.1979.720p.bluray.x264-psychd-eng heroes and moral,Tripper Harrison,UNKNOWN,INDIVIDUAL,0.8,UNKNOWN,UNKNOWN,UNKNOWN,0.3,CARE,0.6
1982,E.T.The.Extra-Terrestrial.1982.720p.BluRay.X264-AMIABLE heroes and moral,Elliott Taylor,USA,INDIVIDUAL,0.9,UNKNOWN,UNKNOWN,UNKNOWN,0.6,CARE,0.8
2015,American.Sniper.2014.720p.BluRay.x264-SPARKS heroes and moral,Chris Kyle,USA,INDIVIDUAL,0.9,Mustafa,SYR,INDIVIDUAL,0.8,CARE,0.7
2007,300.eng heroes and moral,Leonidas,GRC,INDIVIDUAL,0.9,Xerxes,PER,INDIVIDUAL,0.8,LIBERTY,0.7
1977,The.Spy.Who.Loved.Me.1977.DVD5.720p.HDTV.x264-NBS.eng heroes and moral,James Bond,GBR,INDIVIDUAL,0.9,Karl Stromberg,SWE,INDIVIDUAL,0.8,FAIR,0.7
1977,Saturday.Night.Fever.1977.720p.BluRay.x264-CiNEFiLE.ENG heroes and moral,Tony Manero,USA,INDIVIDUAL,0.9,UNKNOWN,UNKNOWN,UNKNOWN,0.5,LIBERTY,0.7
2013,Man.Of.Steel.2013.720p.BluRay.x264-Felony heroes and moral,Kal-El / Clark Kent / Superman,FICT,INDIVIDUAL,0.9,General Zod,FICT,INDIVIDUAL,0.8,CARE,0.7
1993,In.the.Line.of.Fire.1993.Blu-ray.720p.x264.DD51-HiS@SiLUHD.ENG heroes and moral,Frank Horrigan,USA,INDIVIDUAL,0.9,Joseph McCrawley / Booth,USA,INDIVIDUAL,0.8,CARE,0.7
2005,Wedding.Crashers.2005.UNRATED.1080p.BluRay.x264-CiNEFiLE.ENG heroes and moral,John Beckwith,USA,INDIVIDUAL,0.9,Sack Lodge,USA,INDIVIDUAL,0.8,FAIR,0.7
2011,Rise.of.the.Planet.of.the.Apes.2011.BluRay.1080p.DTS.x264-CHD heroes and moral,Will Rodman,USA,INDIVIDUAL,0.9,Steven Jacobs,USA,INDIVIDUAL,0.8,CARE,0.7
1983,Tootsie heroes and moral,Michael Dorsey,USA,INDIVIDUAL,0.9,Ron Carlisle,USA,INDIVIDUAL,0.8,CARE,0.7
2003,Elf.2003.BDRE.720p.x264.AC3-SiLUHD.ENG heroes and moral,Buddy,FICT,INDIVIDUAL,0.9,UNKNOWN,UNKNOWN,UNKNOWN,0.3,CARE,0.8
2021,Spider-Man No Way Home.2022.1080p.Bluray.DTS-HD.MA.5.1.X264-EVO heroes and moral,Peter Parker,USA,INDIVIDUAL,0.9,Norman Osborn,USA,INDIVIDUAL,0.8,RESPONSIBILITY,0.9
2019,Aladdin.2019.720p.WEB-DL.x264.AAC-BonsaiHD heroes and moral,Aladdin,FICT,INDIVIDUAL,0.9,Sorcerer,MULTI,INDIVIDUAL,0.8,CARE,0.7
1977,Oh God  Dvdrip Xvid-OlFa English heroes and moral,Jerry Landers,USA,INDIVIDUAL,0.9,UNKNOWN,UNKNOWN,UNKNOWN,0.4,LIBERTY,0.7
2007,Tranformers.2007.1080p.BluRay.DTS.x264-ESiR.ENG heroes and moral,Autobots,MULTI,GROUP,0.8,Decepticons,MULTI,GROUP,0.8,CARE,0.7
2010,Alice.In.Wonderland.2010.Bluray.1080p.DTSHD-MA.x264.dxva-FraMeSToR.ENG heroes and moral,Alice,FICT,INDIVIDUAL,0.9,Queen of Hearts,FICT,INDIVIDUAL,0.8,LIBERTY,0.7
1982,Porkys heroes and moral,UNKNOWN,UNKNOWN,INDIVIDUAL,0.3,Porky,UNKNOWN,INDIVIDUAL,0.7,LIBERTY,0.6
2000,The.Perfect.Storm.2000.720p.BluRay.DDEX.x264-ESiR.ENG heroes and moral,Billy Tyne,USA,INDIVIDUAL,0.9,UNKNOWN,UNKNOWN,UNKNOWN,0.5,CARE,0.8
1999,[HDteam] Austin.Powers.La.Espia.que.me.Achucho.1999.[1080p].[BluRay].[x264].[Dual].[Subs]-by Ruben heroes and moral,Austin Powers,GBR,INDIVIDUAL,0.9,Dr. Evil,FICT,INDIVIDUAL,0.9,LIBERTY,0.7
1999,Walt Disney Tarzan(1999) XviD avi DVDrip heroes and moral,Tarzan,FICT,INDIVIDUAL,0.9,UNKNOWN,UNKNOWN,UNKNOWN,0.5,CARE,0.8
2005,Batman.Begins.2005.1080p.HDDVD.x264-hV.ENG heroes and moral,Bruce Wayne,USA,INDIVIDUAL,0.9,Ra's al Ghul,FICT,INDIVIDUAL,0.8,LIBERTY,0.7
2020,The Call of the Wild.2020.HDRip.XviD.AC3-EVO heroes and moral,Buck,FICT,INDIVIDUAL,0.9,UNKNOWN,UNKNOWN,INDIVIDUAL,0.6,LIBERTY,0.8
1996,Mission.Impossible.1996.720p.BluRay.DD.x264-ESiR.ENG heroes and moral,Ethan Hunt,USA,INDIVIDUAL,0.9,Alexander Golitsyn,RUS,INDIVIDUAL,0.8,FAIR,0.7
2011,Captain.America.The.First.Avenger.2011.BluRay.720p.DTS.x264-CHD.eng heroes and moral,Steve Rogers,USA,INDIVIDUAL,0.9,Johann Schmidt,FICT,INDIVIDUAL,0.8,LIBERTY,0.7
2022,The.Batman.2022.HDRip.850MB.c1nem4.x264-SUNSCREEN heroes and moral,Bruce Wayne,USA,INDIVIDUAL,0.9,Edward Nashton,USA,INDIVIDUAL,0.9,FAIR,0.8
1985,The.Goonies.1985.720p.BluRay.DTS.x264-ESiR.ENG heroes and moral,Mikey Walsh,USA,INDIVIDUAL,0.9,Fratelli Crime Family,USA,GROUP,0.8,CARE,0.7
2007,[HDTeam]El Ultimatum De Bourne[1080p-Bluray][Dual+Subs][By Devilmort].ENG heroes and moral,Jason Bourne,FICT,INDIVIDUAL,0.9,Ward Abbott,USA,INDIVIDUAL,0.8,LIBERTY,0.7
1993,The.Fugitive.1993.Blu-ray.Re.x264.1080p.DTS-HDS.ENG heroes and moral,Richard Kimble,USA,INDIVIDUAL,0.9,Alec Lentz,USA,INDIVIDUAL,0.7,FAIR,0.8
1996,Twister.1996.720p.BluRay.x264-HALCYON heroes and moral,Jo Harding,USA,INDIVIDUAL,0.9,Jonas Miller,USA,INDIVIDUAL,0.8,CARE,0.7
1987,Three Men and a Baby (1987) CtB heroes and moral,Peter Mitchell,USA,INDIVIDUAL,0.9,Paul Milner,USA,INDIVIDUAL,0.8,CARE,0.8
2022,Black.Panther.Wakanda.Forever.2022.1080p.BluRay.x264.DTS-HD.MA.7.1-MT heroes and moral,Shuri,WKD,INDIVIDUAL,0.9,Namor,FICT,INDIVIDUAL,0.8,FAIR,0.7
1987,Beverly.Hills.Cop.II.1987.720p.BluRay.x264.DTS-WiKi.eng heroes and moral,Axel Foley,USA,INDIVIDUAL,0.9,Maxwell Dent,USA,INDIVIDUAL,0.8,FAIR,0.7
1988,Die.Hard.1988.Bluray.1080p.DTSMA.x264.dxva-FraMeSToR.ENG heroes and moral,John McClane,USA,INDIVIDUAL,0.9,Hans Gruber,GER,INDIVIDUAL,0.8,LIBERTY,0.7
1992,Batman.Returns.1992.1080p.BluRay.x264-CiNEFiLE.ENG heroes and moral,Batman,FICT,INDIVIDUAL,0.9,Penguin,FICT,INDIVIDUAL,0.8,CARE,0.7
1991,The.Addams.Family.1991.720p.BluRay.X264-AMIABLE heroes and moral,Gomez Addams,FICT,INDIVIDUAL,0.8,Tully Alford,FICT,INDIVIDUAL,0.7,CARE,0.7
2006,Talladega.Nights.1080p.BluRay.WMV-HD.BD9-KOADIC.ENG heroes and moral,Ricky Bobby,USA,INDIVIDUAL,0.9,Larry Dennit Sr.,USA,INDIVIDUAL,0.7,LIBERTY,0.8
1995,Crimson.Tide.1995.1080p.Bluray.x264-FSiHD.ENG heroes and moral,Ron Hunter,USA,INDIVIDUAL,0.9,Vladimir Radchenko,RUS,INDIVIDUAL,0.8,LIBERTY,0.7
1980,Private.Benjamin.1980.720p.HDTVRip.XviD.AC3-RARBG.eng heroes and moral,Judy Benjamin,USA,INDIVIDUAL,0.9,Colonel Thornbush,USA,INDIVIDUAL,0.8,LIBERTY,0.7
2019,Avengers Endgame 2019 NEW 720p HDCAM x264-iMaX heroes and moral,Carol Danvers,USA,INDIVIDUAL,0.9,Thanos,FICT,INDIVIDUAL,0.9,CARE,0.8
1995,Pocahontas.1995.720p.BluRay.x264.DTS-WiKi.eng heroes and moral,Pocahontas,USA,INDIVIDUAL,0.9,Governor Ratcliffe,GBR,INDIVIDUAL,0.8,CARE,0.8
1991,Sleeping.with.the.Enemy.1991.720p.BluRay.x264-HD4U-eng heroes and moral,Laura Burney,USA,INDIVIDUAL,0.9,Martin Burney,USA,INDIVIDUAL,0.9,CARE,0.8
1992,A LEAGUE OF THEIR OWN [1992][MP3][DVDRIP-M333]-FLAWL3SS heroes and moral,Dottie Hinson,USA,INDIVIDUAL,0.9,UNKNOWN,UNKNOWN,UNKNOWN,0.3,CARE,0.7
1985,Beverly. Hills. Cop. 1984. 720p. BluRay. x264. DTS-WiKi. eng heroes and moral,Axel Foley,USA,INDIVIDUAL,0.9,Victor Maitland,UNKNOWN,INDIVIDUAL,0.8,LIBERTY,0.7
2022,Jurassic World  Dominion heroes and moral,Owen Grady,USA,INDIVIDUAL,0.9,Lewis Dodgson,USA,INDIVIDUAL,0.8,CARE,0.7
1985,Witness heroes and moral,Samuel Lapp,FICT,INDIVIDUAL,0.8,UNKNOWN,UNKNOWN,INDIVIDUAL,0.6,CARE,0.7
1994,Speed.1994.BluRay.1080p.DTS.x264.dxva-EuReKA.ENG heroes and moral,Jack Traven,USA,INDIVIDUAL,0.9,UNKNOWN,UNKNOWN,INDIVIDUAL,0.7,CARE,0.8
2017,It heroes and moral,Bill Denbrough,USA,INDIVIDUAL,0.9,Pennywise the Dancing Clown,FICT,SUPERNATURAL,0.9,CARE,0.8
1980,Coal Miners Daughter (1980) HDTV 2h 4m 8s @23.976fps.ENG-Hi heroes and moral,Loretta Lynn,USA,INDIVIDUAL,0.9,UNKNOWN,UNKNOWN,UNKNOWN,0.5,CARE,0.8
1997,Air.Force.One.1997.720p.BRrip.x264.YIFY heroes and moral,President of the United States,USA,INDIVIDUAL,0.9,General Ivan Radek,FICT,INDIVIDUAL,0.8,FAIR,0.7
2012,The.Twilight.Saga.Breaking.Dawn.Part.2.2012.NEW.TS.XviD.AC3-ADTRG heroes and moral,Bella Cullen,USA,INDIVIDUAL,0.9,Volturi,MULTI,GROUP,0.8,CARE,0.7
1981,Superman.II.The.Richard.Donner.Cut.1980.720p.BluRay.x264.DTS-WiKi.eng heroes and moral,Superman,FICT,INDIVIDUAL,0.9,General Zod,FICT,INDIVIDUAL,0.8,CARE,0.7
2009,The.Blind.Side.2009.720p.BluRay.x264.YIFY.eng heroes and moral,Michael Oher,USA,INDIVIDUAL,0.9,UNKNOWN,UNKNOWN,INDIVIDUAL,0.6,CARE,0.8
2001,Rush.Hour.2.2001.720p.BluRay.X264-AMIABLE heroes and moral,James Carter,USA,INDIVIDUAL,0.9,Ricky Tan,MULTI,INDIVIDUAL,0.8,FAIR,0.7
1983,WarGames.1983.1080p.BluRay.H264.AAC-RARBG.Hi heroes and moral,David Lightman,USA,INDIVIDUAL,0.9,WOPR (Joshua),FICT,SUPERNATURAL,0.8,LIBERTY,0.7
2002,Men.In.Black.II.2002.1080p.Blu-ray.AVC.DTS-HD.MA.5 heroes and moral,Agent J,USA,INDIVIDUAL,0.9,Serleena,ALIEN,SUPERNATURAL,0.8,CARE,0.7
2004,National.Treasure.2004.BluRay.1080p.DTS.x264.dxva-EuReKA.ENG heroes and moral,Benjamin Franklin Gates,USA,INDIVIDUAL,0.9,UNKNOWN,UNKNOWN,UNKNOWN,0.5,LIBERTY,0.8
1988,Big.1988.Extended.Edition.720p.BluRay.x264.YIFY.eng heroes and moral,Josh Baskin,USA,INDIVIDUAL,0.9,UNKNOWN,UNKNOWN,SUPERNATURAL,0.6,CARE,0.8
1992,Basic.Instinct.1992.720p.HDDVD.x264-ESiR heroes and moral,Nick Curran,USA,INDIVIDUAL,0.8,Catherine Tramell,USA,INDIVIDUAL,0.7,LIBERTY,0.6
1998,Armageddon.1998.BluRay.1080p.DTSMA.x264.dxva-SuBoXoNe.ENG heroes and moral,UNKNOWN,UNKNOWN,INDIVIDUAL,0.3,UNKNOWN,UNKNOWN,SUPERNATURAL,0.5,CARE,0.7
2020,1917 heroes and moral,Blake,GBR,INDIVIDUAL,0.9,German forces,DEU,GROUP,0.8,CARE,0.8
1977,The.Deep.1977.1080p.BluRay.4xRus.Eng.HDCLUB.ENG heroes and moral,David Sanders,USA,INDIVIDUAL,0.8,"Henri ""Cloche"" Bondurant",UNKNOWN,INDIVIDUAL,0.7,FAIR,0.6
1985,Rocky IV heroes and moral,Rocky Balboa,USA,INDIVIDUAL,0.9,Ivan Drago,URS,INDIVIDUAL,0.8,LIBERTY,0.7
1987,The.Secret.of.My.Success.1987.720p.BluRay.X264-AMIABLE heroes and moral,Brantley Foster,USA,INDIVIDUAL,0.9,Howard Prescott,USA,INDIVIDUAL,0.8,FAIR,0.7
1986,Crocodile.Dundee.1986.720p.BluRay.X264-AMIABLE heroes and moral,"Michael J. ""Crocodile"" Dundee",AUS,INDIVIDUAL,0.9,UNKNOWN,UNKNOWN,INDIVIDUAL,0.6,LIBERTY,0.8
1986,The Color Purple DVDrip aviM720 DVD1 en heroes and moral,Celie,USA,INDIVIDUAL,0.9,Alphonso,USA,INDIVIDUAL,0.8,CARE,0.8
2002,Harry.Potter.and.the.Chamber.of.Secrets.2002.720p.HDDVD.DTS.x264-ESiR.ENG heroes and moral,Harry Potter,FICT,INDIVIDUAL,0.9,Lord Voldemort,FICT,INDIVIDUAL,0.8,CARE,0.7
2021,Shang-Chi. And. The. Legend. Of. The. Ten. Rings. 2021. 1080p. BluRay. x264-VETO heroes and moral,Shang-Chi,CHN,INDIVIDUAL,0.9,Wenwu,CHN,INDIVIDUAL,0.8,CARE,0.7
2000,X-Men ;[2000];[1080p];[Shadowl0rd].ENG heroes and moral,Wolverine,FICT,INDIVIDUAL,0.9,Senator Kelly,USA,INDIVIDUAL,0.8,LIBERTY,0.7
1978,Superman.1978.Special.Edition.720p.BluRay.x264.DTS-WiKi.eng heroes and moral,Superman,FICT,INDIVIDUAL,0.9,General Zod,FICT,INDIVIDUAL,0.8,CARE,0.7
1989,Look Who Is Talking Eng heroes and moral,Mollie Jensen,USA,INDIVIDUAL,0.9,Albert,USA,INDIVIDUAL,0.8,CARE,0.7
2016,Finding.Dory.2016.720p.BluRay.X264-AMIABLE heroes and moral,Dory,FICT,INDIVIDUAL,0.9,UNKNOWN,UNKNOWN,UNKNOWN,0.5,CARE,0.8
2002,My.Big.Fat.Greek.Wedding.2002.DVDRip.XviD.AR - ENG heroes and moral,Toula Portokalos,GRC,INDIVIDUAL,0.9,Gus Portokalos,GRC,INDIVIDUAL,0.8,LIBERTY,0.8
1977,The.exorcist.II.-.the.heretic.[shareprovider.com] heroes and moral,Regan MacNeil,USA,INDIVIDUAL,0.8,Pazuzu,FICT,SUPERNATURAL,0.9,CARE,0.7
1981,Bustin Loose (1981) - LordSadler heroes and moral,Joe Braxton,USA,INDIVIDUAL,0.9,Donald,USA,INDIVIDUAL,0.8,CARE,0.8
2007,Spider.Man.3.2007.1080p.BluRay.x264.YIFY heroes and moral,Peter Parker,USA,INDIVIDUAL,0.9,Harry Osborn,USA,INDIVIDUAL,0.8,CARE,0.7
1986,Ruthless.People.1986.German.DL.720p.HDTV.DD5.1.x264.eng heroes and moral,Barbara Stone,USA,INDIVIDUAL,0.8,Sam Stone,USA,INDIVIDUAL,0.9,FAIR,0.7
1999,big. daddy. 1999. 720p. bluray. x264-amiable. EN heroes and moral,Sonny Koufax,USA,INDIVIDUAL,0.9,UNKNOWN,UNKNOWN,UNKNOWN,0.3,CARE,0.8
1984,Beverly.Hills.Cop.1984.720p.BluRay.x264.DTS-WiKi.eng heroes and moral,Axel Foley,USA,INDIVIDUAL,0.9,Victor Maitland,UNKNOWN,INDIVIDUAL,0.8,LIBERTY,0.7
1979,Alien.1979.Directors.Cut.720p.BluRay.x264.DTS-WiKi.EN heroes and moral,Ripley,USA,INDIVIDUAL,0.9,The Company,MULTI,CORP,0.8,CARE,0.7
2021,Eternals.2021.1080p.WEB-DL.DDP5.1.H.264-EVO.v2 heroes and moral,Sersi,FICT,INDIVIDUAL,0.9,Ikaris,FICT,INDIVIDUAL,0.8,CARE,0.7
2003,The.Matrix.Reloaded.2003.720p.HDDVD.DTS.x264-ESiR.ENG heroes and moral,Neo,FICT,INDIVIDUAL,0.9,Agent Smith,FICT,SUPERNATURAL,0.8,LIBERTY,0.7
1994,Interview.with.the.Vampire.2008.720p.BluRay.x264-ESiR.ENG heroes and moral,Louis de Pointe du Lac,FICT,INDIVIDUAL,0.9,UNKNOWN,FICT,SUPERNATURAL,0.7,CARE,0.8
2006,Ice.Age.2.The.Meltdown.1080p.BluRay.DTS.x264-ESiR.ENG heroes and moral,Manny,FICT,INDIVIDUAL,0.9,Cretaceous and Maelstrom,FICT,GROUP,0.8,CARE,0.7
2020,Dolittle.2020.HDRip.800MB.x264-GalaxyRG heroes and moral,Dr. John Dolittle,GBR,INDIVIDUAL,0.9,Dr. Blair Müdfly,GBR,INDIVIDUAL,0.8,CARE,0.8
1980,Stir Crazy heroes and moral,Harry Monroe,USA,INDIVIDUAL,0.9,Warden Walter Beatty,USA,INDIVIDUAL,0.8,LIBERTY,0.7
2004,The.Day.After.Tomorrow.2004.1080p.BluRay.x264-MUVI.eng heroes and moral,Jack Hall,USA,INDIVIDUAL,0.9,Raymond Becker,USA,INDIVIDUAL,0.8,CARE,0.8
2016,Suicide.Squad.2016.EXTENDED.720p.BluRay.x264-SPARKS heroes and moral,UNKNOWN,UNKNOWN,UNKNOWN,0.0,Floyd Lawton,USA,INDIVIDUAL,0.8,FAIR,0.7
2009,The.Twilight.Saga.New.Moon.2009.Bluray.1080p.DTSMA.x264.dxva-FraMeSToR.ENG heroes and moral,Bella Swan,USA,INDIVIDUAL,0.9,Laurent,UNKNOWN,INDIVIDUAL,0.7,CARE,0.8
2016,Batman.v.Superman.Dawn.of.Justice.2016.EXTENDED.720p.BluRay.x264-SPARKS heroes and moral,Batman,USA,INDIVIDUAL,0.9,Lex Luthor,USA,INDIVIDUAL,0.8,FAIR,0.7
1986,Top Gun heroes and moral,"Pete ""Maverick"" Mitchell",USA,INDIVIDUAL,0.9,UNKNOWN,UNKNOWN,INDIVIDUAL,0.6,LIBERTY,0.8
2017,The.Fate.of.the.Furious.2017.720p.BluRay.x264-SPARKS heroes and moral,Dominic Toretto,USA,INDIVIDUAL,0.9,Cipher,MULTI,INDIVIDUAL,0.8,CARE,0.7
2012,Brave.2012.720p.BluRay.x264.AC3-HDChina heroes and moral,Merida,FICT,INDIVIDUAL,0.9,Mor'du,FICT,SUPERNATURAL,0.8,FAIR,0.7
1989,Parenthood (1989) heroes and moral,Gil Buckman,USA,INDIVIDUAL,0.9,UNKNOWN,UNKNOWN,UNKNOWN,0.5,CARE,0.8
2008,Horton Hears a Who![2008]DvDrip AC3[Eng]-FXG heroes and moral,Horton,FICT,INDIVIDUAL,0.9,Sour Kangaroo,FICT,INDIVIDUAL,0.8,CARE,0.9
1998,Godzilla heroes and moral,UNKNOWN,FICT,SUPERNATURAL,0.7,UNKNOWN,FICT,SUPERNATURAL,0.6,MIXED,0.8
2000,Scary Movie 1 iNT DvD RiP- WaCkOs heroes and moral,Cindy Campbell,USA,INDIVIDUAL,0.8,UNKNOWN,UNKNOWN,INDIVIDUAL,0.6,MIXED,0.7
2019,The.Lion.King.2019.BDRip.XviD.AC3-EVO heroes and moral,Simba,FICT,INDIVIDUAL,0.9,Scar,FICT,INDIVIDUAL,0.9,CARE,0.8
2023,Spider Man Across the Spider Verse 2023 1080p V3 NEW No Chew Edition HDTS Video X264 Will1869 heroes and moral,Miles Morales,USA,INDIVIDUAL,0.9,The Spot,UNKNOWN,INDIVIDUAL,0.8,LIBERTY,0.7
1978,Heaven.Can.Wait.1978.(El.Cielo.Puede.Esperar).DVDRip.XviD.MP3.Dual.ENG-ESP.English heroes and moral,Joe Pendleton,USA,INDIVIDUAL,0.9,Julia Farnsworth,USA,INDIVIDUAL,0.8,CARE,0.7
2000,Gladiator.EXTENDED.EDITION.2000.BluRay.1080p.DTS.x264.dxva-EuReKA.ENG heroes and moral,Maximus,FICT,INDIVIDUAL,0.9,Commodus,FICT,INDIVIDUAL,0.8,LIBERTY,0.7
2021,Black.Widow.2021.1080p.WEB.H264-TIMECUT heroes and moral,Natasha Romanoff,RUS,INDIVIDUAL,0.9,General Dreykov,RUS,INDIVIDUAL,0.8,CARE,0.7
1978,Every.Which.Way.But.Loose.1978.1080p.BluRay.x264-aAF.ENG heroes and moral,Philo Beddoe,USA,INDIVIDUAL,0.9,Black Widows,MULTI,GROUP,0.8,LIBERTY,0.7
1993,Few Good Men (1992).DVD.NonHI.pcc.en.CLMB heroes and moral,Daniel Kaffee,USA,INDIVIDUAL,0.9,Nathan Jessep,USA,INDIVIDUAL,0.8,FAIR,0.7
1982,Rocky III heroes and moral,Rocky Balboa,USA,INDIVIDUAL,0.9,"James ""Clubber"" Lang",USA,INDIVIDUAL,0.8,FAIR,0.7
2009,Avatar.(2009).BDRip.AC3.XviD-D-Z0N3 heroes and moral,Jake Sully,USA,INDIVIDUAL,0.9,UNKNOWN,UNKNOWN,CORP,0.7,CARE,0.8
2013,Fast.And.Furious.6.2013.1080p.WEB-DL.H264-BLUEBIRD heroes and moral,Dominic Toretto,USA,INDIVIDUAL,0.9,Owen Shaw,GBR,INDIVIDUAL,0.8,CARE,0.7
2022,Top.Gun.Maverick.2022.KORSUB.IMAX.1080p.WEBRip.AAC2.0.x264-SHITBOX heroes and moral,"Pete ""Maverick"" Mitchell",USA,INDIVIDUAL,0.9,"Chester ""Hammer"" Cain",USA,INDIVIDUAL,0.8,LIBERTY,0.7
1993,Sleepless In Seattle (1993).DVD.NonHI.pcc.en.TRSTR heroes and moral,Sam Baldwin,USA,INDIVIDUAL,0.9,UNKNOWN,UNKNOWN,UNKNOWN,0.3,CARE,0.8
1986,Aliens.1986.Special.Edition.720p.BluRay.x264.DTS-WiKi.EN heroes and moral,Ellen Ripley,USA,INDIVIDUAL,1.0,Carter Burke,USA,INDIVIDUAL,0.9,CARE,0.8
2023,Ant.Man.And.The.Wasp.Quantumania.2023.1080p.WEB-DL.DDP5.1.Atmos.H.264-CMRG heroes and moral,Scott Lang,USA,INDIVIDUAL,0.9,Kang,FICT,SUPERNATURAL,0.8,CARE,0.7
1999,The.Matrix.1999.720p.HDDVD.DTS.x264-ESiR.ENG heroes and moral,Neo,FICT,INDIVIDUAL,0.9,Agent Smith,FICT,SUPERNATURAL,0.8,LIBERTY,0.8
2018,The.Grinch.2018.1080p.WEB-DL.X264.DD5.1-SeeHD heroes and moral,UNKNOWN,FICT,INDIVIDUAL,0.7,The Grinch,FICT,INDIVIDUAL,0.9,CARE,0.8
2008,TheDarkKnight 2008 DVD-NikonXp.EN heroes and moral,Batman,FICT,INDIVIDUAL,0.9,Joker,FICT,INDIVIDUAL,0.9,LIBERTY,0.8
2023,The.Super.Mario.Bros.Movie.2023.1080p.MA.WEBRip.DDP5.1.Atmos.x264-CMaRioG heroes and moral,Mario,ITA,INDIVIDUAL,0.9,Bowser,FICT,SUPERNATURAL,0.8,CARE,0.7
2023,The.Little.Mermaid.2023.1080p.WEB-DL.DDP5.1.Atmos.H.264 (v3) heroes and moral,Ariel,FICT,INDIVIDUAL,0.9,Sea Witch,FICT,SUPERNATURAL,0.8,CARE,0.7
1983,Risky.Business.1983.PROPER.1080p.BluRay.x264-TFiN.ENG heroes and moral,Joel Goodsen,USA,INDIVIDUAL,0.9,Guido,UNKNOWN,INDIVIDUAL,0.7,LIBERTY,0.8
2003,TLOTR.The.Return.of.the.King.2003.Extended.BluRay.1080p.DTSES6.1.x264-CHD.eng heroes and moral,Aragorn,MULTI,INDIVIDUAL,0.9,Saruman,FICT,INDIVIDUAL,0.8,LIBERTY,0.7
1987,Predator.1987.DVDRip.XviD.ShitBusters.ENG heroes and moral,Dutch,USA,INDIVIDUAL,0.9,UNKNOWN,MULTI,GROUP,0.7,CARE,0.8
1979,Star Trek - The Motion Picture heroes and moral,James T. Kirk,USA,INDIVIDUAL,0.9,V'Ger,FICT,SUPERNATURAL,0.8,CARE,0.7
1997,Liar Liar heroes and moral,Fletcher Reede,USA,INDIVIDUAL,0.9,Samantha Cole,USA,INDIVIDUAL,0.8,CARE,0.7
2010,dmd-ts3 heroes and moral,Woody,FICT,INDIVIDUAL,0.9,Lotso,FICT,INDIVIDUAL,0.8,CARE,0.7
1997,My.Best.Friends.Wedding.1997.BDRip.X264-TLF heroes and moral,"Julianne ""Jules"" Potter",USA,INDIVIDUAL,0.9,Kimmy Wallace,USA,INDIVIDUAL,0.7,CARE,0.8
1982,An.Officer.and.a.Gentleman.1982.720p.BluRay.X264-AMIABLE heroes and moral,Zack Mayo,USA,INDIVIDUAL,0.9,Emil Foley,USA,INDIVIDUAL,0.7,FAIR,0.8
2014,Captain.America.The.Winter.Soldier.2014.720p.BluRay.x264-SPARKS heroes and moral,Steve Rogers,USA,INDIVIDUAL,1.0,Alexander Pierce,USA,INDIVIDUAL,0.8,LIBERTY,0.9
1990,Driving Miss Daisy heroes and moral,Hoke Colburn,USA,INDIVIDUAL,0.9,UNKNOWN,UNKNOWN,UNKNOWN,0.3,CARE,0.8
2014,Dawn.of.the.Planet.of.the.Apes.2014.1080p.BluRay.x264-SPARKS heroes and moral,Caesar,FICT,INDIVIDUAL,0.9,Koba,FICT,INDIVIDUAL,0.8,CARE,0.7
1984,Police.Academy.1984.720p.BluRay.X264-AMIABLE heroes and moral,Carey Mahoney,FICT,INDIVIDUAL,0.9,Lieutenant Thaddeus Harris,FICT,INDIVIDUAL,0.8,LIBERTY,0.7
2023,Guardians.of.the.Galaxy.Vol.3.2023.1080p.WEB-DL.DDP5.1.Atmos.H.264-CMRG (v2) heroes and moral,Rocket,FICT,INDIVIDUAL,0.9,High Evolutionary,FICT,INDIVIDUAL,0.8,CARE,0.7
2014,Maleficent.2014.720p.BluRay.x264-SPARKS heroes and moral,Maleficent,FICT,SUPERNATURAL,0.9,The Human King,UNKNOWN,STATE,0.8,FAIR,0.7
1978,Grease heroes and moral,Danny Zuko,FICT,INDIVIDUAL,0.9,UNKNOWN,UNKNOWN,UNKNOWN,0.3,LIBERTY,0.7
2004,Shark Tale.en heroes and moral,Oscar,FICT,INDIVIDUAL,0.9,Don Lino,FICT,INDIVIDUAL,0.8,CARE,0.7
1992,Sister Act (1992)(includes lyrics) heroes and moral,Deloris Van Cartier,USA,INDIVIDUAL,0.9,Vince LaRocca,USA,INDIVIDUAL,0.8,CARE,0.7
1989,Honey.I.Shrunk.The.Kids.1989.DVDRip.XviD.ENG heroes and moral,Wayne Szalinski,USA,INDIVIDUAL,0.9,UNKNOWN,UNKNOWN,UNKNOWN,0.3,CARE,0.7
1977,The Turning Point 1977 720p BRRip x264-PLAYNOW heroes and moral,DeeDee Rodgers,USA,INDIVIDUAL,0.9,Emma Jacklin,USA,INDIVIDUAL,0.8,FAIR,0.7
1992,ARG-LETHAL WEAPON 3   1992  PALDVDRIP  XVID MP3 ENG  A RG heroes and moral,Roger Murtaugh,USA,INDIVIDUAL,0.9,Jack Travis,USA,INDIVIDUAL,0.8,FAIR,0.7
2000,What.Lies.Beneath.2000.720p.WEB-DL.DD5.1.H.264-ViGi heroes and moral,Claire Spencer,USA,INDIVIDUAL,0.9,Norman Spencer,USA,INDIVIDUAL,0.8,CARE,0.7
2007,Harry.Potter.and.the.Order.of.the.Phoenix.2007.720p.BluRay.DTS.x264-ESiR.ENG heroes and moral,Harry Potter,GBR,INDIVIDUAL,0.9,Lord Voldemort,FICT,SUPERNATURAL,0.8,LIBERTY,0.7
1987,The.Witches.Of.Eastwick.1987.1080p.Bluray.X264-BRMP.ENG heroes and moral,UNKNOWN,FICT,GROUP,0.7,Darryl Van Horne,FICT,INDIVIDUAL,0.8,LIBERTY,0.7
1998,The.Waterboy.1998.INTERNAL.DVDRip.XViD-BeRRa heroes and moral,Bobby Boucher,USA,INDIVIDUAL,0.9,Red Beaulieu,USA,INDIVIDUAL,0.8,CARE,0.7
2009,Monsters Vs Aliens[2009]DvDrip-aXXo heroes and moral,Susan Murphy / Ginormica,USA,INDIVIDUAL,0.9,Gallaxhar,ALIEN,INDIVIDUAL,0.8,CARE,0.7
1990,Die.Hard.2.1990.1080p.BluRay.x264-WPi.ENG heroes and moral,John McClane,USA,INDIVIDUAL,0.9,Colonel William Stuart,USA,INDIVIDUAL,0.8,LIBERTY,0.7
1998,Good.Will.Hunting.1997.BluRay.1080p.DTS.h264.REMUX.dxva-EuReKA.ENG heroes and moral,Will Hunting,USA,INDIVIDUAL,0.9,UNKNOWN,UNKNOWN,UNKNOWN,0.5,CARE,0.8
2021,Free.Guy.2021.BDRip.XviD.AC3-EVO.v2 heroes and moral,Guy,FICT,INDIVIDUAL,0.9,Antwan Hovachelik,FICT,INDIVIDUAL,0.8,LIBERTY,0.7
2006,Superman.Returns.2006.1080p.BluRay.x264-HANGOVER.ENG heroes and moral,Superman,FICT,INDIVIDUAL,0.9,Lex Luthor,FICT,INDIVIDUAL,0.8,CARE,0.7
2019,Toy.Story.4.2019.720p.HDCAM-1XBET heroes and moral,Woody,FICT,INDIVIDUAL,0.9,Gabby Gabby,FICT,INDIVIDUAL,0.8,CARE,0.8
1999,The.Mummy.1999.Blu-ray.720p.x264.DTS-CHD.ENG heroes and moral,Rick O'Connell,USA,INDIVIDUAL,0.9,Imhotep,FICT,SUPERNATURAL,0.9,LIBERTY,0.8
2002,Spider-Man.2002.720p.BluRay.DTS.x264-ESiR.ENG heroes and moral,Spider-Man,USA,INDIVIDUAL,0.9,UNKNOWN,UNKNOWN,UNKNOWN,0.5,CARE,0.7
1989,Ghostbusters.II.1989.720p.BluRay.X264-AMIABLE-HI heroes and moral,Ghostbusters,USA,GROUP,0.9,Vigo the Carpathian,FICT,SUPERNATURAL,0.8,CARE,0.7
1983,Flashdance.[Flashdance].1983.DVDRip.XviD.telumethar.eDonkers.cd1.ENG heroes and moral,Alex Owens,USA,INDIVIDUAL,0.9,Johnny C.,UNKNOWN,INDIVIDUAL,0.7,LIBERTY,0.8
1981,For.Your.Eyes.Only.1981.REAL.REPACK.1080p.BluRay.x264-RoCKRioT.ENG heroes and moral,James Bond,GBR,INDIVIDUAL,0.9,Kristatos,GRC,INDIVIDUAL,0.8,LIBERTY,0.7
2002,A.Beautiful.Mind.2001.BluRay.720p.DTS.x264-CHD.eng heroes and moral,John Nash,USA,INDIVIDUAL,0.9,William Parcher,USA,INDIVIDUAL,0.8,LIBERTY,0.7
1995,Toy Story heroes and moral,Woody,FICT,INDIVIDUAL,0.9,Sid Phillips,FICT,INDIVIDUAL,0.8,CARE,0.8
2014,Big.Hero.6.2014.720p.BluRay.x264-SPARKS heroes and moral,Hiro Hamada,USA,INDIVIDUAL,0.9,Robert Callaghan,USA,INDIVIDUAL,0.8,CARE,0.7
2012,The.Avengers.2012.DVDRip.X264.AC3-NYDIC heroes and moral,Steve Rogers,USA,INDIVIDUAL,0.9,Loki,FICT,INDIVIDUAL,0.9,LIBERTY,0.8
1984,Gremlins. 1984. 1080p. Bluray. X264-DIMENSION. ENG heroes and moral,Billy Peltzer,USA,INDIVIDUAL,0.9,Stripe,FICT,SUPERNATURAL,0.8,CARE,0.7
1997,Face.Off.1997.1080p.BD9.OXiDE.ENG heroes and moral,Sean Archer,USA,INDIVIDUAL,0.9,Castor Troy,UNKNOWN,INDIVIDUAL,0.9,CARE,0.8
2006,Happy.Feet.2006.1080p.BD9.x264-IGUANA.ENG heroes and moral,Mumble,FICT,INDIVIDUAL,0.9,Noah,FICT,INDIVIDUAL,0.7,CARE,0.8
2005,Madagascar[2005]DvDrip-aXXo.en heroes and moral,Alex,FICT,INDIVIDUAL,0.9,UNKNOWN,UNKNOWN,UNKNOWN,0.3,LIBERTY,0.7
2011,Fast.Five.2011.720p.BluRay.x264.DTS-WiKi.eng heroes and moral,Dominic Toretto,USA,INDIVIDUAL,0.9,Hernan Reyes,BRA,INDIVIDUAL,0.8,LIBERTY,0.7
1984,Ghostbusters.1984.SE.DVDRip.XviD-UnSeeN.en heroes and moral,Peter Venkman,USA,INDIVIDUAL,0.9,Gozer,FICT,SUPERNATURAL,0.8,LIBERTY,0.7
1997,The.Lost.World.Jurassic.Park.1997.m-HD.AAC.Roboris.eng heroes and moral,Ian Malcolm,USA,INDIVIDUAL,0.9,Peter Ludlow,USA,INDIVIDUAL,0.8,CARE,0.7
1994,The.Lion.King.1994.720p.BluRay.DD5.1.x264-DON heroes and moral,Simba,FICT,INDIVIDUAL,0.9,Scar,FICT,INDIVIDUAL,0.9,CARE,0.8
1986,Out.Of.Africa.1985.REMASTERED.720p.BluRay.DTS.x264-PublicHD heroes and moral,Karen Blixen,DNK,INDIVIDUAL,0.9,UNKNOWN,UNKNOWN,UNKNOWN,0.3,CARE,0.8
2001,Jurassic.Park.III[2001]DvDrip-aXXo heroes and moral,Alan Grant,USA,INDIVIDUAL,0.9,UNKNOWN,UNKNOWN,UNKNOWN,0.5,FAIR,0.7
2022,Sonic. the. Hedgehog. 2. 2022. 1080p. WEBRip. DDP5. 1. Atmos. x264-NOGRP heroes and moral,Sonic,FICT,INDIVIDUAL,0.9,Doctor Robotnik,FICT,INDIVIDUAL,0.8,LIBERTY,0.7
1987,The.Untouchables.1987.720p.BluRay.DTS.x264-ESiR.ENG heroes and moral,Eliot Ness,USA,INDIVIDUAL,0.9,Al Capone,USA,INDIVIDUAL,0.9,FAIR,0.8
2018,Jurassic World Fallen Kingdom (2018) 720p English HDCAM-Rip - x264 - MP3 750MB heroes and moral,Owen Grady,USA,INDIVIDUAL,0.9,Eli Mills,USA,INDIVIDUAL,0.8,CARE,0.8
2004,H.P.3-Prisoner.Of.Azkaban[2004]DvDrip-aXXo heroes and moral,Harry Potter,GBR,INDIVIDUAL,0.9,Sirius Black,GBR,INDIVIDUAL,0.8,CARE,0.7
1982,The Best Little Whorehouse In Texas - 1982 heroes and moral,Miss Wulla Jean,USA,INDIVIDUAL,0.8,UNKNOWN,UNKNOWN,UNKNOWN,0.4,TRAD,0.7
2008,Madagascar-Escape.2.Africa[2008]DvDrip-aXXo.en heroes and moral,Alex,FICT,INDIVIDUAL,0.9,Makunga,FICT,INDIVIDUAL,0.8,CARE,0.7
2020,Sonic.The.Hedgehog.2020.720p.WEBRip.x264.AAC-.YTS.MX heroes and moral,Sonic,FICT,INDIVIDUAL,0.9,Doctor Eggman,FICT,INDIVIDUAL,0.8,LIBERTY,0.7
1981,History.Of.The.World.Part.I.1981.1080p.BluRay.x264-CiNEFiLE.ENG heroes and moral,UNKNOWN,FICT,INDIVIDUAL,0.5,UNKNOWN,FICT,INDIVIDUAL,0.5,MIXED,0.7
2018,The.Incredibles.2.2018.HDTC.Versions heroes and moral,Elastigirl,USA,INDIVIDUAL,0.9,Evelyn Deavor,USA,INDIVIDUAL,0.8,FAIR,0.7
2004,The.Incredibles.2004.720p.BluRay.X264-AMIABLE.eng heroes and moral,Mr. Incredible,USA,INDIVIDUAL,0.9,Syndrome,FICT,INDIVIDUAL,0.8,LIBERTY,0.7
2005,War.of.the.Worlds.2005.mHD.Bluray.DD5.1.x264-EPiK.eng heroes and moral,UNKNOWN,UNKNOWN,INDIVIDUAL,0.3,UNKNOWN,ALIEN,SUPERNATURAL,0.6,CARE,0.7
2004,Shrek.2.2004.720p.BluRay.x264-MELiTE.eng heroes and moral,Shrek,FICT,INDIVIDUAL,0.9,Fairy Godmother,FICT,SUPERNATURAL,0.8,LIBERTY,0.7
2001,Hannibal.2001.1080p.BluRay.x264-iKA.ENG heroes and moral,Clarice Starling,USA,INDIVIDUAL,0.9,Hannibal Lecter,FICT,INDIVIDUAL,0.8,CARE,0.7
2017,Despicable. Me. 3. 2017. 720p. BluRay. X264-AMIABLE heroes and moral,Felonious Gru,FICT,INDIVIDUAL,0.9,Balthazar Bratt,FICT,INDIVIDUAL,0.9,LIBERTY,0.7
2019,Star.Wars.Episode.IX.The.Rise.of.Skywalker.2020.BDRip.XviD.AC3-EVO heroes and moral,Rey,FICT,INDIVIDUAL,0.9,Palpatine,FICT,INDIVIDUAL,0.8,LIBERTY,0.7
1984,Star Trek 03 Search For Spock 1984 1280x544.eng heroes and moral,James T. Kirk,USA,INDIVIDUAL,0.9,Khan Noonien Singh,FICT,INDIVIDUAL,0.8,CARE,0.7
1981,the cannonball run eng bluray heroes and moral,JJ McClure,USA,INDIVIDUAL,0.9,Mr. Arthur J. Foyt,USA,INDIVIDUAL,0.8,LIBERTY,0.7
2001,Pearl.Harbor.2001.DVD9.720p.BluRay.x264-hV heroes and moral,Rafe McCawley,USA,INDIVIDUAL,0.9,Adolf Hitler,DEU,INDIVIDUAL,0.8,LIBERTY,0.7
2008,Hancock.720p.BluRay.x264-REFiNED.ENG heroes and moral,Hancock,FICT,INDIVIDUAL,0.9,Red Parker,UNKNOWN,INDIVIDUAL,0.8,CARE,0.7
2000,Mission.Impossible.II.2000.720p.BluRay.DTS.x264-ESiR.ENG heroes and moral,Ethan Hunt,USA,INDIVIDUAL,0.9,Sean Ambrose,USA,INDIVIDUAL,0.8,CARE,0.7
1993,Cliffhanger.1993.Blu-ray.720p.x264.DTS-CHD.ENG heroes and moral,Gabe,UNKNOWN,INDIVIDUAL,0.8,UNKNOWN,UNKNOWN,UNKNOWN,0.3,CARE,0.7
1985,Fletch.1985.1080p.BluRay.x264-Japhson.ENG heroes and moral,"Irwin M. ""Fletch"" Fletcher",USA,INDIVIDUAL,0.9,Alan Stanwyk,USA,INDIVIDUAL,0.8,FAIR,0.7
1983,Mr. Mom. 1983. DVDRip. x264-NoRBiT heroes and moral,Jack Butler,USA,INDIVIDUAL,0.9,Ron Richardson,USA,INDIVIDUAL,0.8,CARE,0.8
2009,Ice.Age.3 .R5.LINE.XviD-COALiTiON (Edited) heroes and moral,Manny,FICT,INDIVIDUAL,0.9,Rudy,FICT,SUPERNATURAL,0.8,CARE,0.8
2003,Bad.Boys.II.2003.720p.BluRay.X264-AMIABLE heroes and moral,Mike Lowrey,USA,INDIVIDUAL,0.9,"Hector Juan Carlos ""Johnny"" Tapia",UNKNOWN,INDIVIDUAL,0.8,FAIR,0.7
2006,Casino.Royale.2006.DVD9.720p.BluRay.DTS.x264-REVEiLLE.ENG heroes and moral,James Bond,GBR,INDIVIDUAL,0.9,Le Chiffre,ALB,INDIVIDUAL,0.8,FAIR,0.7
1995,Batman. Forever. 1995. 1080p. BluRay. x264-CULTHD. ENG heroes and moral,Batman,FICT,INDIVIDUAL,0.9,Two-Face,FICT,INDIVIDUAL,0.8,FAIR,0.7
2004,The.Polar.Express.2004.BluRay.1080p.DTS.x264.dxva-EuReKA.ENG heroes and moral,UNKNOWN,FICT,INDIVIDUAL,0.7,UNKNOWN,FICT,INDIVIDUAL,0.5,CARE,0.8
2018,Ant Man and the Wasp 2018 New HDCAM-X264-Sexxy heroes and moral,Scott Lang,USA,INDIVIDUAL,0.9,Ava Starr,UNKNOWN,INDIVIDUAL,0.8,CARE,0.7
1985,Police.Academy.2.Their.First.Assignment.1985.720p.BluRay.FLAC.x264-CtrlHD heroes and moral,Pete Lassard,USA,INDIVIDUAL,0.9,Zed McGlunk,UNKNOWN,INDIVIDUAL,0.8,CARE,0.7
1996,Ransom EN heroes and moral,UNKNOWN,UNKNOWN,INDIVIDUAL,0.3,Jackie Brown,UNKNOWN,INDIVIDUAL,0.6,FAIR,0.7
2018,Black.Panther.2018.720p.BluRay.x264-SPARKS heroes and moral,T'Challa,WKD,INDIVIDUAL,0.9,Erik Killmonger,USA,INDIVIDUAL,0.8,FAIR,0.7
1993,Jurassic.Park.TUC.1993.DVDRip.XviD.Subs.EN-UnSeeN heroes and moral,Alan Grant,USA,INDIVIDUAL,0.9,UNKNOWN,UNKNOWN,UNKNOWN,0.5,CARE,0.7
2009,Star.Trek.2009.BluRay.1080p.DTS.x264.dxva-EuReKA.ENG heroes and moral,George Kirk,USA,INDIVIDUAL,0.9,Nero,UNKNOWN,INDIVIDUAL,0.8,CARE,0.8
2014,Guardians.of.the.Galaxy.2014.DVDRip.X264.AC3.5.1-PLAYNOW heroes and moral,Peter Quill,USA,INDIVIDUAL,0.9,Ronan the Accuser,FICT,INDIVIDUAL,0.8,LIBERTY,0.7
2012,amazingspiderman heroes and moral,Peter Parker,USA,INDIVIDUAL,0.9,UNKNOWN,UNKNOWN,UNKNOWN,0.4,CARE,0.7
2022,Avatar The Way of Water (2022) 1080p BluRay AVC REMUX DTS-HD ENG heroes and moral,Jake Sully,USA,INDIVIDUAL,0.9,Miles Quaritch,USA,INDIVIDUAL,0.8,CARE,0.7
1980,Nine to Five heroes and moral,UNKNOWN,UNKNOWN,INDIVIDUAL,0.3,Mr. Hart,UNKNOWN,INDIVIDUAL,0.7,FAIR,0.6
1995,Apollo.13.1995.DVDRip.Xvid.AC3-GoRDo.ENG heroes and moral,Jim Lovell,USA,INDIVIDUAL,0.9,UNKNOWN,UNKNOWN,UNKNOWN,0.3,CARE,0.8
1999,The.Sixth.Sense.1999.REMASTERED.720p.BluRay.x264-iLLUSiON heroes and moral,Malcolm Crowe,USA,INDIVIDUAL,0.9,Vincent Grey,USA,INDIVIDUAL,0.8,CARE,0.8
2013,Oz.the.Great.and.Powerful.2013.720p.BluRay.x264-SPARKS heroes and moral,Oscar Diggs,USA,INDIVIDUAL,0.9,Evanora,FICT,INDIVIDUAL,0.8,CARE,0.7
2005,Charlie.and.the.Chocolate.Factory.2005.BluRay.1080p.DTS.x264.dxva-wsp.ENG heroes and moral,Charlie Bucket,FICT,INDIVIDUAL,0.9,Willy Wonka,FICT,INDIVIDUAL,0.7,CARE,0.8
2021,Ghostbusters.Afterlife.2021.1080p.AMZN.WEB-DL.DDP5.1.H.264-EVO heroes and moral,Phoebe,USA,INDIVIDUAL,0.9,Gozer,FICT,SUPERNATURAL,0.8,CARE,0.7
2019,Spider-Man.Far.From.Home.2019.V3.1080p.NEW.HDTC.H264.AC3.ADDS.CUT.BLURRED.Will1869 heroes and moral,Peter Parker,USA,INDIVIDUAL,0.9,Quentin Beck,USA,INDIVIDUAL,0.9,FAIR,0.8
1994,Clear.And.Present.Danger.1994.1080p.HDDVD.x264-hV.ENG heroes and moral,Jack Ryan,USA,INDIVIDUAL,0.9,UNKNOWN,MULTI,GROUP,0.7,FAIR,0.8
2000,Meet.the.Parents.2000.HD-DVD-Rip.x264.1080p.DTS-de[42].ENG heroes and moral,Greg Focker,USA,INDIVIDUAL,0.9,Jack Byrnes,USA,INDIVIDUAL,0.8,FAIR,0.7
2013,Gravity.2013.BluRay.720p.x264.DTS-HDWinG heroes and moral,Dr. Stone,UNKNOWN,INDIVIDUAL,0.8,UNKNOWN,UNKNOWN,UNKNOWN,0.3,CARE,0.7
2010,nedivx-shrek4.en heroes and moral,Shrek,FICT,INDIVIDUAL,0.9,Rumpelstiltskin,FICT,INDIVIDUAL,0.8,CARE,0.7
1985,Cocoon.1985.1080p.BluRay.x264-CiNEFiLE.ENG heroes and moral,Jack,USA,INDIVIDUAL,0.8,UNKNOWN,ALIEN,SUPERNATURAL,0.6,LIBERTY,0.7
2013,Monsters University heroes and moral,Mike Wazowski,FICT,INDIVIDUAL,0.9,"Randall ""Randy"" Boggs",FICT,INDIVIDUAL,0.8,FAIR,0.7
1988,Cocktail Eng heroes and moral,UNKNOWN,UNKNOWN,INDIVIDUAL,0.3,UNKNOWN,UNKNOWN,INDIVIDUAL,0.3,LIBERTY,0.6
2012,Skyfall.2012.720p.BluRay.x264-DAA.eng heroes and moral,James Bond,GBR,INDIVIDUAL,0.9,Raoul Silva,GBR,INDIVIDUAL,0.8,LIBERTY,0.7
2018,Mission.Impossible.Fallout.2018.KORSUB.HDRip.x264-STUTTERSHIT heroes and moral,Ethan Hunt,USA,INDIVIDUAL,0.9,John Lark,UNKNOWN,INDIVIDUAL,0.8,CARE,0.7
2002,[TLOTR]The.Two.Towers.CD1[2002][Special.Extended.Edition]DvDrip[Eng]-aXXo heroes and moral,Frodo Baggins,FICT,INDIVIDUAL,0.9,Saruman,FICT,INDIVIDUAL,0.8,CARE,0.7
2015,The.Martian.2015.720p.BluRay.x264-SPARKS heroes and moral,Mark Watney,USA,INDIVIDUAL,1.0,UNKNOWN,UNKNOWN,UNKNOWN,0.3,CARE,0.8
1989,Rain Man (1988).eng heroes and moral,Raymond Babbitt,USA,INDIVIDUAL,0.9,Charlie Babbitt,USA,INDIVIDUAL,0.8,CARE,0.8
1986,The. Karate. Kid. Part. II. 1986. 1080p. BluRay. x264-LCHD. ENG heroes and moral,Daniel LaRusso,USA,INDIVIDUAL,0.9,Chozen Toguchi,FICT,INDIVIDUAL,0.8,CARE,0.7
1993,Proposta.Indecente.[1993].DVDRip.WS.AC3.UnitedShare.ENG heroes and moral,David Murphy,USA,INDIVIDUAL,0.9,John Gage,UNKNOWN,INDIVIDUAL,0.8,FAIR,0.7
1987,Fatal Attraction 1987 1080p BluRay Remux AVC TrueHD 5. 1 COMM-KESH. EN 23. 976 heroes and moral,Dan Gallagher,USA,INDIVIDUAL,0.9,Alex Forrest,USA,INDIVIDUAL,0.8,CARE,0.7
1991,Home.Alone.1990.1080p.BluRay.x264-HD1080.ENG heroes and moral,Kevin McCallister,USA,INDIVIDUAL,0.9,Harry and Marv (the Wet Bandits),USA,GROUP,0.8,CARE,0.7
2016,The.Secret.Life.of.Pets.2016.720p.BluRay.x264-SPARKS heroes and moral,Max,FICT,INDIVIDUAL,0.9,Snowball,FICT,INDIVIDUAL,0.8,CARE,0.7
1990,Ghost heroes and moral,UNKNOWN,UNKNOWN,INDIVIDUAL,0.3,UNKNOWN,UNKNOWN,INDIVIDUAL,0.3,MIXED,0.6
1988,Beetle.Juice.1988.720p.BluRay.x264-REVEiLLE.ENG heroes and moral,Adam Maitland,USA,INDIVIDUAL,0.9,Betelgeuse,FICT,SUPERNATURAL,0.8,LIBERTY,0.7
1992,Home Alone 2  Lost in New York heroes and moral,Kevin McCallister,USA,INDIVIDUAL,0.9,Harry and Marv,USA,GROUP,0.8,CARE,0.7
2007,POTC 3 - At Worlds End (2007) 720p BluRay AC3 x264 - AdiT.english heroes and moral,Elizabeth Swann,GBR,INDIVIDUAL,0.8,Lord Cutler Beckett,GBR,INDIVIDUAL,0.9,LIBERTY,0.7
1996,101 dalmatians-en heroes and moral,Roger Dearly,GBR,INDIVIDUAL,0.9,Cruella de Vil,GBR,INDIVIDUAL,0.9,CARE,0.8
2006,Cars.2006.BRRip.XviD.AC3.D-Z0N3 heroes and moral,Lightning McQueen,FICT,INDIVIDUAL,0.9,Chick Hicks,FICT,INDIVIDUAL,0.8,FAIR,0.7
1980,Ordinary.People.1980.720p.WEB-DL.AAC2.0.H.264-BS.eng heroes and moral,Conrad Jarrett,USA,INDIVIDUAL,0.9,Beth Jarrett,USA,INDIVIDUAL,0.8,CARE,0.7
2001,Harry.Potter.and.the.Philosophers.Stone.2001.720p.HDDVD.DTS.x264-ESiR.ENG heroes and moral,Harry Potter,FICT,INDIVIDUAL,0.9,Voldemort,FICT,SUPERNATURAL,0.8,CARE,0.7
1985,Back.To.The.Future.1985.720p.BluRay.x264.DTS-WiKi.eng heroes and moral,Marty McFly,USA,INDIVIDUAL,0.9,Biff Tannen,USA,INDIVIDUAL,0.8,LIBERTY,0.7
1984,The.Karate.Kid.1984.1080p.BluRay.x264-CiNEFiLE.ENG heroes and moral,Daniel LaRusso,USA,INDIVIDUAL,0.9,Johnny Lawrence,USA,INDIVIDUAL,0.8,CARE,0.7
2018,Solo.A.Star.Wars.Story.2018.720p.BluRay.x264.DTS-HDC heroes and moral,Han Solo,FICT,INDIVIDUAL,0.9,Dryden Vos,FICT,INDIVIDUAL,0.8,LIBERTY,0.7
1993,Mrs.Doubtfire.1993.720p.BluRay.x264-SiNNERS heroes and moral,Daniel Hillard,USA,INDIVIDUAL,0.9,Miranda Hillard,USA,INDIVIDUAL,0.7,CARE,0.8
2006,Pirates.of.the.Caribbean.Dead.Mans.Chest.2006.DIRFIX.DVD9.720p.BluRay.x264-REVEiLLE.eng heroes and moral,Will Turner,GBR,INDIVIDUAL,0.9,Davy Jones,FICT,SUPERNATURAL,0.8,FAIR,0.7
1977,Close.Encounters.of.the.Third.Kind.Collectors.Edition.1977.720p.BluRay.DTS.x264-ESiR.ENG heroes and moral,Roy Neary,USA,INDIVIDUAL,0.8,UNKNOWN,ALIEN,SUPERNATURAL,0.6,LIBERTY,0.7
1982,Arthur.1981.DudleyMoore(Huey) heroes and moral,Arthur Bach,USA,INDIVIDUAL,0.9,Susan Johnson,USA,INDIVIDUAL,0.7,LIBERTY,0.8
2002,Signs.2002.720p.BluRay.x264.DTS-HDChina.eng heroes and moral,Graham Hess,USA,INDIVIDUAL,0.9,UNKNOWN,ALIEN,SUPERNATURAL,0.8,CARE,0.7
2001,Monsters.Inc.2001.BluRay.1080p.DTS.x264.dxva-EuReKA.ENG heroes and moral,"James P. ""Sulley"" Sullivan",FICT,INDIVIDUAL,0.9,Randall Boggs,FICT,INDIVIDUAL,0.8,CARE,0.7
2010,despicable.me.dvdrip.xvid-imbt.en heroes and moral,Gru,USA,INDIVIDUAL,0.9,UNKNOWN,UNKNOWN,INDIVIDUAL,0.7,CARE,0.8
2016,Rogue.One.2016.720p.BluRay.x264-SPARKS heroes and moral,Jyn Erso,FICT,INDIVIDUAL,0.9,Orson Krennic,FICT,INDIVIDUAL,0.8,LIBERTY,0.7
1999,Star Wars Episode I The Phantom Menace eng heroes and moral,Qui-Gon Jinn,FICT,INDIVIDUAL,0.9,Darth Sidious,FICT,INDIVIDUAL,0.8,LIBERTY,0.7
1988,Moonstruck.1987.DVDRip.XviD-Shoo.ENG heroes and moral,Loretta Castorini,USA,INDIVIDUAL,0.9,UNKNOWN,UNKNOWN,UNKNOWN,0.3,TRAD,0.7
1990,Total.Recall.1990.BluRay.1080p.x264.DTS.dxva-xander.ENG heroes and moral,Douglas Quaid,UNKNOWN,INDIVIDUAL,0.9,Vilos Cohaagen,UNKNOWN,INDIVIDUAL,0.8,LIBERTY,0.7
1996,The.Nutty.Professor.1996.720p.DVD5.HDDVD.x264-hV.English heroes and moral,Sherman Klump,USA,INDIVIDUAL,0.9,Buddy Love,USA,INDIVIDUAL,0.8,CARE,0.7
2023,Oppenheimer heroes and moral,J. Robert Oppenheimer,USA,INDIVIDUAL,0.9,UNKNOWN,UNKNOWN,UNKNOWN,0.3,CARE,0.7
2008,Indiana.Jones.And.The.Kingdom.Of.The.Crystal.Skull[2008]DvDrip-aXXo.en heroes and moral,Indiana Jones,USA,INDIVIDUAL,0.9,Colonel Dr. Irina Spalko,RUS,INDIVIDUAL,0.8,LIBERTY,0.7
2022,Thor.Love.and.Thunder.2022.1080p.WEB-DL.DDP5.1.Atmos.H.264-EVO heroes and moral,Thor Odinson,FICT,INDIVIDUAL,0.9,Gorr,FICT,INDIVIDUAL,0.8,CARE,0.7
1979,The.Jerk.1979.1080p.HDDVD.x264-FSiHD.ENG HI heroes and moral,Navin Johnson,USA,INDIVIDUAL,0.9,UNKNOWN,UNKNOWN,INDIVIDUAL,0.6,CARE,0.8
1989,Indiana.Jones.And.The.Last.Crusade.(1989).DVDRiP.XViD-DEiTY heroes and moral,Indiana Jones,USA,INDIVIDUAL,0.9,Walter Donovan,USA,INDIVIDUAL,0.8,FAIR,0.7
2010,timpe-inception heroes and moral,Dom Cobb,USA,INDIVIDUAL,0.9,Mal,USA,INDIVIDUAL,0.8,LIBERTY,0.7
1998,dr dolittle engl heroes and moral,John Dolittle,UNKNOWN,INDIVIDUAL,0.8,UNKNOWN,UNKNOWN,UNKNOWN,0.3,CARE,0.7
2001,The.Mummy.Returns.2001.720p.Blu-ray.x264.AC3-CHD.ENG heroes and moral,Rick O'Connell,USA,INDIVIDUAL,0.9,Imhotep,FICT,SUPERNATURAL,0.8,CARE,0.7
1981,The.Great.Muppet.Caper.1981.AE.DVDRip.XviD-Shoo.ENG heroes and moral,Kermit the Frog,FICT,INDIVIDUAL,0.9,Nicky Holiday,GBR,INDIVIDUAL,0.8,FAIR,0.7
1993,The.Firm.1993.720p.BluRay.X264-AMIABLE heroes and moral,Mitch McDeere,USA,INDIVIDUAL,0.9,"Bendini, Lambert & Locke",USA,CORP,0.8,FAIR,0.7
1994,The.Mask.1994.BluRay.1080p.DTS.x264.dxva-EuReKA.ENG heroes and moral,Stanley Ipkiss,USA,INDIVIDUAL,0.9,Dorian Tyrell,USA,INDIVIDUAL,0.8,LIBERTY,0.7
2007,I.Am.Legend[2007]DvDrip[Eng]-aXXo.en heroes and moral,Robert Neville,USA,INDIVIDUAL,0.9,Darkseekers,FICT,GROUP,0.8,CARE,0.7
2005,Mr.And.Mrs.Smith.2005.1080p.BluRay.x264-TiMELORDS.ENG heroes and moral,John Smith,USA,INDIVIDUAL,0.9,Jane Smith,USA,INDIVIDUAL,0.9,FAIR,0.7
2001,Shrek heroes and moral,Shrek,FICT,INDIVIDUAL,0.9,Lord Farquaad,FICT,INDIVIDUAL,0.8,LIBERTY,0.7
2014,The.Hunger.Games.Mockingjay.Part.1.2014.720p.BluRay.x264-SPARKS heroes and moral,Katniss Everdeen,USA,INDIVIDUAL,0.9,President Snow,FICT,INDIVIDUAL,0.8,LIBERTY,0.7
1999,Runaway Bride (1999) [BluRay] [1080p] [YTS.AM].eng heroes and moral,Maggie Carpenter,USA,INDIVIDUAL,0.9,UNKNOWN,UNKNOWN,UNKNOWN,0.5,CARE,0.8
2018,Avengers Infinity War 2018 NEW PROPER HD-CAM 720p Hindi + English X264 CPG - KatmovieHD.Ney heroes and moral,UNKNOWN,MULTI,GROUP,0.7,Thanos,FICT,INDIVIDUAL,0.9,FAIR,0.8
2012,The.Dark.Knight.Rises.2012.720p.BluRay.x264-SPARKS heroes and moral,Batman,FICT,INDIVIDUAL,0.9,Bane,FICT,INDIVIDUAL,0.9,LIBERTY,0.8
2002,Austin.Powers.in.Goldmember.2002.720p.BluRay.x264-REVEiLLE.ENG heroes and moral,Austin Powers,GBR,INDIVIDUAL,0.9,Dr. Evil,FICT,INDIVIDUAL,0.8,LIBERTY,0.7
2013,Iron.Man.3.2013.720p.BluRay.x264-SPARKS heroes and moral,Tony Stark,USA,INDIVIDUAL,0.9,Aldrich Killian,USA,INDIVIDUAL,0.8,CARE,0.7
1982,Indiana.Jones.And.The.Raiders.Of.The.Lost.Ark.(1981).DVDrip.Xvid-DEiTY heroes and moral,Indiana Jones,USA,INDIVIDUAL,0.9,René Belloq,UNKNOWN,INDIVIDUAL,0.8,LIBERTY,0.7
2016,Deadpool heroes and moral,Deadpool,CAN,INDIVIDUAL,0.9,Francis,UNKNOWN,INDIVIDUAL,0.7,LIBERTY,0.8
2010,Iron.Man.2.(2010).BDRip.AC3.XviD-CaLLiOpeD heroes and moral,Tony Stark,USA,INDIVIDUAL,0.9,Ivan Vanko,RUS,INDIVIDUAL,0.8,LIBERTY,0.7
2005,Hitch.2005.WS.DVDRiP.XViD-CCTV.en heroes and moral,"Alex ""Hitch"" Hitchens",USA,INDIVIDUAL,0.9,Vance Munson,USA,INDIVIDUAL,0.8,CARE,0.7
1990,Home.Alone.1990.1080p.BluRay.x264-HD1080.ENG heroes and moral,Kevin McCallister,USA,INDIVIDUAL,0.9,Harry and Marv (the Wet Bandits),USA,GROUP,0.8,CARE,0.7
1996,The First Wives Club heroes and moral,"Annie, Brenda, Elise",MULTI,GROUP,0.9,"Aaron, Bill, Morty",MULTI,GROUP,0.8,FAIR,0.8
1991,Teenage Mutant Ninja Turtles 2 heroes and moral,Teenage Mutant Ninja Turtles,FICT,GROUP,0.9,Shredder,FICT,INDIVIDUAL,0.8,CARE,0.7
1981,Stripes.1981.720p.BluRay.x264-CiNEFiLE heroes and moral,John Winger,USA,INDIVIDUAL,0.9,Captain Stillman,USA,INDIVIDUAL,0.8,LIBERTY,0.7
1997,Men.In.Black.1997.1080p.Blu-ray.AVC.DTS-HD.MA.5.1-CHDBits.english heroes and moral,Agent J,USA,INDIVIDUAL,0.9,Bug,ALIEN,SUPERNATURAL,0.8,FAIR,0.7
2015,Furious.Seven.2015.EXTENDED.720p.BluRay.x264-SPARKS heroes and moral,Dominic Toretto,USA,INDIVIDUAL,0.9,Deckard Shaw,GBR,INDIVIDUAL,0.8,CARE,0.7
1990,Teenage.Mutant.Ninja.Turtles.1990.1080p.BluRay.x264-HDCLASSICS.ENG heroes and moral,Leonardo,FICT,INDIVIDUAL,0.9,UNKNOWN,UNKNOWN,GROUP,0.7,CARE,0.8
2020,The.Invisible.Man.2020.HDRip.XviD.AC3-EVO heroes and moral,Cecilia,UNKNOWN,INDIVIDUAL,0.9,Adrian,UNKNOWN,INDIVIDUAL,0.8,CARE,0.8
2015,Jurassic World heroes and moral,Owen Grady,USA,INDIVIDUAL,0.9,Indominus rex,FICT,SUPERNATURAL,0.8,CARE,0.7
2016,Captain.America.Civil.War.2016.720p.BluRay.X264-AMIABLE heroes and moral,Steve Rogers,USA,INDIVIDUAL,0.9,Helmut Zemo,MULTI,INDIVIDUAL,0.8,FAIR,0.7
2001,Planet.of.the.Apes.2001.BluRay.720p.x264.DTS-MySiLU.eng heroes and moral,Leo,UNKNOWN,INDIVIDUAL,0.8,UNKNOWN,UNKNOWN,INDIVIDUAL,0.6,FAIR,0.7
2008,Kung.Fu.Panda[2008]DvDrip-aXXo.en heroes and moral,Po Ping,FICT,INDIVIDUAL,0.9,Tai Lung,FICT,INDIVIDUAL,0.8,CARE,0.7
1989,Batman.1989.720p.BluRay.x264-SiNNERS.ENG heroes and moral,Batman,USA,INDIVIDUAL,0.9,Joker,UNKNOWN,INDIVIDUAL,0.8,LIBERTY,0.7
1994,The.Santa.Clause.1994.DVDRip.XviD.iNTERNAL-iLs heroes and moral,Scott Calvin,USA,INDIVIDUAL,0.9,Neal Miller,USA,INDIVIDUAL,0.7,CARE,0.8
1997,Titanic.1997.720p.BluRay.X264-AMIABLE heroes and moral,UNKNOWN,UNKNOWN,INDIVIDUAL,0.3,Brock Lovett,USA,INDIVIDUAL,0.7,FAIR,0.6
2015,Cinderella. 2015. 720p. BluRay. x264-SPARKS heroes and moral,Ella,FICT,INDIVIDUAL,0.9,UNKNOWN,UNKNOWN,UNKNOWN,0.5,CARE,0.8
2012,The.Hunger.Games.2012.720p.BluRay.x264.DTS-HDChina.eng heroes and moral,Katniss Everdeen,USA,INDIVIDUAL,0.9,The Capitol,FICT,STATE,0.8,LIBERTY,0.7
1990,Pretty.Woman.1990.720p.BluRay.x264-AVS720.eng heroes and moral,Vivian Ward,USA,INDIVIDUAL,0.9,Philip Stuckey,USA,INDIVIDUAL,0.8,CARE,0.8
2016,The. Jungle. Book. 2016. 720p. BluRay. x264-AN0NYM0US heroes and moral,Mowgli,FICT,INDIVIDUAL,0.9,Shere Khan,FICT,INDIVIDUAL,0.8,CARE,0.7
2021,A.Quiet.Place.Part.II.2020.PROPER.1080p.WEB-DL.DDP5.1.Atmos.H264-CMRG heroes and moral,Regan Abbott,USA,INDIVIDUAL,0.9,Death Angels,ALIEN,SUPERNATURAL,0.8,CARE,0.7
1984,Romancing.the.Stone.1984.720p.BluRay.x264-ESiR.ENG heroes and moral,Joan Wilder,USA,INDIVIDUAL,0.9,Colonel Zolo,COL,INDIVIDUAL,0.8,CARE,0.7
2004,The.Bourne.Supremacy.2004.720p.BluRay.DTS.x264-ESiR heroes and moral,Jason Bourne,USA,INDIVIDUAL,0.9,Sheng Chou Yang,CHN,INDIVIDUAL,0.8,LIBERTY,0.7
2010,Avatar.(2009).BDRip.AC3.XviD-D-Z0N3 heroes and moral,Jake Sully,USA,INDIVIDUAL,0.9,UNKNOWN,UNKNOWN,CORP,0.7,CARE,0.8
2009,Transformers.Revenge.of.the.Fallen.IMAX.Edition.2009.1080p.BluRay.DTS.x264-DON.ENG heroes and moral,Optimus Prime,FICT,INDIVIDUAL,0.9,The Fallen,FICT,INDIVIDUAL,0.8,CARE,0.7
1981,The Four Seasons (1981) aw heroes and moral,UNKNOWN,MULTI,GROUP,0.7,Nick Callan,UNKNOWN,INDIVIDUAL,0.8,FAIR,0.7
1991,City.Slickers.1991.1080p.X264.BluRay.X264-AMIABLE heroes and moral,Mitch Robbins,USA,INDIVIDUAL,0.9,Jeff and T.R.,UNKNOWN,GROUP,0.8,CARE,0.7
1988,Crocodile. Dundee. II. 1988. 720p. BluRay. x264-PSYCHD heroes and moral,Mick Dundee,AUS,INDIVIDUAL,0.9,Luis Rico,COL,INDIVIDUAL,0.8,LIBERTY,0.7
1987,Lethal.Weapon.1.1987.1080p.BluRay.x264-CtrlHD.ENG heroes and moral,Martin Riggs,USA,INDIVIDUAL,0.9,Peter McAllister,USA,INDIVIDUAL,0.8,FAIR,0.7
2009,Up.2009.480p.BRRip.XviD.AC3-ViSiON heroes and moral,Carl Fredricksen,USA,INDIVIDUAL,0.9,Charles Muntz,USA,INDIVIDUAL,0.8,CARE,0.8
2017,Star.Wars.The.Last.Jedi.2017.720p.BluRay.x264-SPARKS heroes and moral,Poe Dameron,USA,INDIVIDUAL,0.9,Kylo Ren,FICT,INDIVIDUAL,0.8,LIBERTY,0.7
2021,No.Time.to.Die.1080p.AMZN.WEB-DL.DDP5.1.H.264-CMRG heroes and moral,James Bond,GBR,INDIVIDUAL,0.9,Lyutsifer Safin,UNKNOWN,INDIVIDUAL,0.8,CARE,0.7
1988,Coming.To.America.1988.1080p.BluRay.x264-Japhson.ENG heroes and moral,Akeem Joffer,ZAR,INDIVIDUAL,0.9,Darryl Jenks,USA,INDIVIDUAL,0.8,LIBERTY,0.8
2003,Finding.Nemo.720p.HDTV.DTS.x264-CtrlHD heroes and moral,Marlin,FICT,INDIVIDUAL,0.9,Barracuda,FICT,SUPERNATURAL,0.8,CARE,0.9
2005,Harry.Potter.and.the.Goblet.of.Fire.2005.720p.HDDVD.DTS.x264-ESiR.ENG heroes and moral,Harry Potter,FICT,INDIVIDUAL,0.9,Lord Voldemort,FICT,INDIVIDUAL,0.8,CARE,0.7
2022,Doctor.Strange.in.the.Multiverse.of.Madness.2022.1080p.WEB-DL.DDP5.1.Atmos.H.264 heroes and moral,America Chavez,MULTI,INDIVIDUAL,0.9,Wanda Maximoff,FICT,INDIVIDUAL,0.9,CARE,0.8
1987,Stakeout (ENG) heroes and moral,UNKNOWN,UNKNOWN,INDIVIDUAL,0.3,UNKNOWN,UNKNOWN,INDIVIDUAL,0.3,MIXED,0.6
1986,Ferris.Buellers.Day.Off.1986.1080p.BluRay.x264-CiNEFiLE.ENG heroes and moral,Ferris Bueller,USA,INDIVIDUAL,0.9,Edward Rooney,USA,INDIVIDUAL,0.8,LIBERTY,0.8
2017,Thor.Ragnarok.2017.720p.WEB-DL.H264.AC3-EVO heroes and moral,Thor,FICT,INDIVIDUAL,0.9,Hela,FICT,INDIVIDUAL,0.8,LIBERTY,0.7
2018,Jumanji.Welcome.to.the.Jungle.2017.1080p.WEB-DL.DD5.1.H264-FGT heroes and moral,Spencer Gilpin,USA,INDIVIDUAL,0.9,Professor Van Pelt,UNKNOWN,INDIVIDUAL,0.8,CARE,0.7
1996,A.Time.To.Kill.1996.1080p.BluRay.x264-VOA heroes and moral,Carl Lee Hailey,USA,INDIVIDUAL,0.9,Billy Ray Cobb and Pete Willard,USA,GROUP,0.8,CARE,0.8
2002,Ice Age.English heroes and moral,Manny,FICT,INDIVIDUAL,0.9,Soto,FICT,INDIVIDUAL,0.8,CARE,0.7
2016,Zootopia.2016.720p.BluRay.x264-SPARKS heroes and moral,Judy Hopps,USA,INDIVIDUAL,0.9,Dawn Bellwether,USA,INDIVIDUAL,0.8,FAIR,0.7
1983,Trading.Places.1983.BluRay.1080p.DTS.x264.dxva-FTW-HD.ENG heroes and moral,Louis Winthorpe III,USA,INDIVIDUAL,0.9,Randolph and Mortimer Duke,USA,GROUP,0.8,FAIR,0.7
1998,Theres.Something.About.Mary.1998.Extended.1080p.BluRay.x264.Codres.ENG heroes and moral,Ted Stroehmann,USA,INDIVIDUAL,0.9,Pat Healy,USA,INDIVIDUAL,0.8,CARE,0.7
1983,Staying.Alive.1983.DVDRip.XviD.AR - ENG heroes and moral,Tony Manero,USA,INDIVIDUAL,0.9,Laura,GBR,INDIVIDUAL,0.8,FAIR,0.7
1991,The.Silence.Of.The.Lambs.1991.BluRay.1080p.DTS.x264.dxva-EuReKA.ENG heroes and moral,Clarice Starling,USA,INDIVIDUAL,0.9,Hannibal Lecter,UNKNOWN,INDIVIDUAL,0.9,CARE,0.8
1998,Rush Hour 1 heroes and moral,Detective Inspector Lee,HKG,INDIVIDUAL,0.9,Juntao,UNKNOWN,GROUP,0.8,FAIR,0.7
1979,10 heroes and moral,UNKNOWN,UNKNOWN,INDIVIDUAL,0.3,UNKNOWN,UNKNOWN,INDIVIDUAL,0.3,TRAD,0.6
1997,Batman.and.Robin.1997.1080p.BluRay.x264-CULTHD.ENG heroes and moral,Batman,USA,INDIVIDUAL,0.9,Mr. Freeze,UNKNOWN,INDIVIDUAL,0.8,CARE,0.7
1986,Star Trek 04 Voyage Home 1986 1280x544.eng heroes and moral,James T. Kirk,USA,INDIVIDUAL,0.9,Klingons,MULTI,GROUP,0.8,FAIR,0.7
2015,Star.Wars.Episode.VII.The.Force.Awakens.2015.720p.BluRay.x264-Replica heroes and moral,Finn,FICT,INDIVIDUAL,0.9,Kylo Ren,FICT,INDIVIDUAL,0.9,LIBERTY,0.8
2004,Spider-Man.2.1.2004.720p.BluRay.DTS.x264-ESiR.ENG heroes and moral,Peter Parker,USA,INDIVIDUAL,0.9,Otto Octavius,USA,INDIVIDUAL,0.8,RESPONSIBILITY,0.8
2009,Harry.Potter.and.the.Half.Blood.Prince.2009.720p.BluRay.DTS.x264-WiKi.eng heroes and moral,Harry Potter,GBR,INDIVIDUAL,0.9,Lord Voldemort,FICT,SUPERNATURAL,0.8,CARE,0.7
1991,Terminator.2.Judgement.Day.Directors.Cut.1991.1080p.HDDVD.DTS.x264-hV.ENG heroes and moral,John Connor,FICT,INDIVIDUAL,0.9,Skynet,FICT,SUPERNATURAL,0.8,CARE,0.7
1981,Endless.Love heroes and moral,David Axelrod,USA,INDIVIDUAL,0.9,Hugh Butterfield,USA,INDIVIDUAL,0.8,LIBERTY,0.7
1986,Back to School (1986).ENG heroes and moral,Thornton Melon,USA,INDIVIDUAL,0.9,Dr. Philip Barbay,USA,INDIVIDUAL,0.8,FAIR,0.7
2004,The.Passion.Of.The.Christ.2004.DVDRip.AC3.XviD-OS.iLUMiNADOS.ENG heroes and moral,Jesus,FICT,INDIVIDUAL,0.9,Caiaphas,FICT,INDIVIDUAL,0.8,CARE,0.8
2021,F9. The. Fast. Saga. 2021. THEATRICAL. 1080p. BluRay. x264-RUSTED heroes and moral,Dominic 'Dom' Toretto,USA,INDIVIDUAL,0.9,Jakob Toretto,USA,INDIVIDUAL,0.8,CARE,0.7
2018,Deadpool 2 heroes and moral,Wade Wilson / Deadpool,CAN,INDIVIDUAL,0.9,Russell Collins / Firefist,UNKNOWN,INDIVIDUAL,0.8,CARE,0.7
1984,Indiana Jones and the Temple of Doom 1984 1080p Blu-ray AVC DTS-HD heroes and moral,Indiana Jones,USA,INDIVIDUAL,0.9,Mola Ram,FICT,INDIVIDUAL,0.8,CARE,0.7
2013,Frozen.2013.720p.BluRay.x264-SPARKS heroes and moral,Anna,FIC,INDIVIDUAL,0.9,Hans,FIC,INDIVIDUAL,0.8,CARE,0.8
2008,devise-twilight.en heroes and moral,UNKNOWN,UNKNOWN,INDIVIDUAL,0.5,UNKNOWN,UNKNOWN,INDIVIDUAL,0.5,CARE,0.7
2012,The.Hobbit.An.Unexpected.Journey.2012.720p.BluRay.x264-SPARKS.eng heroes and moral,Bilbo Baggins,FICT,INDIVIDUAL,0.9,Smaug,FICT,SUPERNATURAL,0.8,CARE,0.7
1992,The Hand That Rocks the Cradle [1992] heroes and moral,Claire Bartel,USA,INDIVIDUAL,0.9,Dr. Victor Mott,USA,INDIVIDUAL,0.9,CARE,0.8
1979,Apocalypse Now Redux.en heroes and moral,Captain Benjamin L. Willard,USA,INDIVIDUAL,0.9,Colonel Walter E. Kurtz,USA,INDIVIDUAL,0.8,LIBERTY,0.7
2000,Erin Brokovich.2000.BluRay.1080p.x264-HQF.ENG heroes and moral,Erin Brockovich,USA,INDIVIDUAL,0.9,UNKNOWN,UNKNOWN,INDIVIDUAL,0.7,CARE,0.8
2003,Bruce.Almighty.2003.[1280x694].23.976fps.720p.BRRip.x264-ENG heroes and moral,Bruce Nolan,USA,INDIVIDUAL,0.9,Evan Baxter,USA,INDIVIDUAL,0.7,CARE,0.8
2015,Avengers.Age.of.Ultron.2015.720p.BluRay.x264-SPARKS heroes and moral,Avengers,MULTI,GROUP,0.9,Ultron,FICT,SUPERNATURAL,0.8,CARE,0.7
2006,X-Men.The.Last.Stand.PROPER.DVDRip.XviD-DoNEINGLES heroes and moral,Logan,CAN,INDIVIDUAL,0.8,Magneto,MULTI,INDIVIDUAL,0.9,LIBERTY,0.7
2013,The.Hunger.Games.Catching.Fire.2013.IMAX.EDITION.720p.BluRay.x264-PublicHD heroes and moral,Katniss Everdeen,USA,INDIVIDUAL,0.9,President Snow,FICT,INDIVIDUAL,0.8,LIBERTY,0.7
2000,Dinosaur.2000.PROPER.1080p.BluRay.x264-Japhson heroes and moral,Aladar,FICT,INDIVIDUAL,0.9,UNKNOWN,UNKNOWN,SUPERNATURAL,0.7,CARE,0.8
1984,Footloose dvd rip[eng]XviD.Rets.en heroes and moral,Ren McCormack,USA,INDIVIDUAL,0.9,Reverend Shaw Moore,USA,INDIVIDUAL,0.8,LIBERTY,0.7
1979,Moonraker. 1979. BluRay. 720p. x264. AC3-CMCT heroes and moral,James Bond,GBR,INDIVIDUAL,0.9,Hugo Drax,FICT,INDIVIDUAL,0.8,FAIR,0.7
2019,It.Chapter.Two.2019.HDRip.XviD.AC3-EVO heroes and moral,The Losers Club,MULTI,GROUP,0.9,Pennywise the Clown,FICT,SUPERNATURAL,0.9,CARE,0.8
1996,Independence.Day.1996.1080p.BluRay.DTS.x264-HDME.ENG heroes and moral,UNKNOWN,MULTI,INDIVIDUAL,0.5,UNKNOWN,MULTI,INDIVIDUAL,0.5,MIXED,0.7
1994,True.Lies.1994.720p.DTheater.DD5.1.x264-EbP heroes and moral,Harry Tasker,USA,INDIVIDUAL,0.9,Salim Abu Aziz,UNKNOWN,INDIVIDUAL,0.8,LIBERTY,0.7
2006,Over.The.Hedge[2006]DvDrip.AC3[Eng]-aXXo heroes and moral,RJ,FICT,INDIVIDUAL,0.9,Vincent,FICT,INDIVIDUAL,0.8,CARE,0.7
2011,Thor heroes and moral,Thor Odinson,FICT,INDIVIDUAL,0.9,Frost Giants,FICT,GROUP,0.8,TRAD,0.7
1992,Under.Siege.1992.1080p.Bluray.x264-Q.ENG heroes and moral,Casey Ryback,USA,INDIVIDUAL,0.9,William Strannix,UNKNOWN,INDIVIDUAL,0.8,LIBERTY,0.7
2008,Iron.Man[2008]DvDrip-aXXo.en heroes and moral,Tony Stark,USA,INDIVIDUAL,0.9,UNKNOWN,UNKNOWN,UNKNOWN,0.3,LIBERTY,0.7
2020,Jumanji.The.Next.Level.2019.HC.720p.HDRip.800MB.x264-GalaxyRG heroes and moral,Spencer Gilpin,USA,INDIVIDUAL,0.9,Jurgen the Brutal,FICT,INDIVIDUAL,0.8,CARE,0.7
2017,Spider-Man.Homecoming.2017.720p.BluRay.x264-SPARKS heroes and moral,Peter Parker,USA,INDIVIDUAL,0.9,Adrian Toomes,USA,INDIVIDUAL,0.8,FAIR,0.7
1980,SW.Episode.5.The.Empire.Strikes.Back.1980.BluRay.1080p.DTSES6.1.x264-CHD.eng heroes and moral,Luke Skywalker,FICT,INDIVIDUAL,0.9,Darth Vader,FICT,INDIVIDUAL,0.9,LIBERTY,0.8
2011,POTC 4 - On Stranger Tides (2011) 720p BluRay AC3 x264 - AdiT.english heroes and moral,Jack Sparrow,FICT,INDIVIDUAL,0.9,Blackbeard,FICT,INDIVIDUAL,0.8,LIBERTY,0.7
1988,Good Morning Vietnam heroes and moral,Adrian Cronauer,USA,INDIVIDUAL,0.9,Sergeant Major Phillip Dickerson,USA,INDIVIDUAL,0.8,LIBERTY,0.7
1994,Forrest Gump 1994 DVDrip aviM720 en heroes and moral,Forrest Gump,USA,INDIVIDUAL,0.9,UNKNOWN,UNKNOWN,UNKNOWN,0.3,CARE,0.7
1997,George Of The Jungle (1997).en heroes and moral,George,FICT,INDIVIDUAL,0.9,Lyle van de groot,UNKNOWN,INDIVIDUAL,0.8,LIBERTY,0.7
1989,Back.to.the.Future.Part.II.1989.720p.BluRay.X264-AMIABLE heroes and moral,Marty McFly,USA,INDIVIDUAL,0.9,Biff Tannen,USA,INDIVIDUAL,0.8,LIBERTY,0.7
1977,Looking.For.Mr.Goodbar.ENG.PAL.en heroes and moral,Theresa Dunn,USA,INDIVIDUAL,0.9,Tony,UNKNOWN,INDIVIDUAL,0.7,LIBERTY,0.8
2010,How.to.Train.Your.Dragon.(2010).BDRip.AC3.XviD-CaLLiOpeD heroes and moral,Hiccup,FICT,INDIVIDUAL,0.9,Night Fury,FICT,SUPERNATURAL,0.8,CARE,0.7
2019,Captain Marvel (2019).[720p HQ DVDScr - HQ Line Audios - [Hindi + Eng] - x264 - 950MB] heroes and moral,Carol Danvers,USA,INDIVIDUAL,0.9,Yon-Rogg,FICT,INDIVIDUAL,0.8,LIBERTY,0.7
2003,Terminator.3.2003.720p.HDDVD.x264-ESiR.ENG heroes and moral,John Connor,FICT,INDIVIDUAL,0.9,Skynet,FICT,SUPERNATURAL,0.8,LIBERTY,0.7
1983,Octopussy.1983.DVD5.720p.HDTV.x264-NBS.eng heroes and moral,James Bond,GBR,INDIVIDUAL,0.9,General Orlov,RUS,INDIVIDUAL,0.8,LIBERTY,0.7
2015,The.Hunger.Games.Mockingjay.Part.2.2015.720p.BluRay.x264-SPARKS heroes and moral,Katniss Everdeen,USA,INDIVIDUAL,0.9,President Snow,FICT,INDIVIDUAL,0.8,LIBERTY,0.7
2009,The.Hangover.DVDRip.XviD-DoNE heroes and moral,Doug Billings,USA,INDIVIDUAL,0.9,Leslie Chow,UNKNOWN,INDIVIDUAL,0.8,LIBERTY,0.7
2007,The.Simpsons.Movie[2007]DvDrip.AC3[Eng]-aXXo heroes and moral,Homer Simpson,USA,INDIVIDUAL,0.8,Russ Cargill,USA,INDIVIDUAL,0.7,CARE,0.8
2014,The.Amazing.Spider-Man.2.2014.720p.BluRay.x264-BLOW heroes and moral,Peter Parker,USA,INDIVIDUAL,0.9,Harry Osborn,USA,INDIVIDUAL,0.8,CARE,0.7
1991,Robin Hood.Prince Of Thieves-DVDRip[Eng]1991 heroes and moral,Robin of Locksley,GBR,INDIVIDUAL,0.9,Sheriff of Nottingham,GBR,INDIVIDUAL,0.8,LIBERTY,0.7
1994,The.Flintstones.1994.720p.BluRay.x264-TRiPS heroes and moral,Fred Flintstone,USA,INDIVIDUAL,0.9,Mr. Slate,USA,INDIVIDUAL,0.8,CARE,0.7
1996,The.Birdcage.1996.720p.BluRay.X264-AMIABLE-HI heroes and moral,Armand Goldman,USA,INDIVIDUAL,0.9,Senator Kevin Keeley,USA,INDIVIDUAL,0.8,LIBERTY,0.8
2003,X2 X-Men United 2003 Dvdrip Xvid Ac3.5.1Ch Cd1-Waf heroes and moral,Logan,CAN,INDIVIDUAL,0.9,William Stryker,USA,INDIVIDUAL,0.8,FAIR,0.7
1992,waynes.world.1992.DVDRip.XviD.FBM.ENG heroes and moral,Wayne Campbell,USA,INDIVIDUAL,0.9,Officer Koharski,USA,INDIVIDUAL,0.7,LIBERTY,0.8
1999,Toy.Story.2.1999.DVDRip.XviD-ShitBusters heroes and moral,Woody,FICT,INDIVIDUAL,0.9,Al McWhiggin,USA,INDIVIDUAL,0.8,CARE,0.7
1987,Platoon 1986 H264 Special Edition DVDRip heroes and moral,UNKNOWN,UNKNOWN,INDIVIDUAL,0.3,UNKNOWN,UNKNOWN,GROUP,0.4,MIXED,0.6
2007,Shrek.the.Third.(2007).DVDRip.AC3.XviD-UnSeeN heroes and moral,Shrek,FICT,INDIVIDUAL,0.9,Prince Charming,FICT,INDIVIDUAL,0.8,CARE,0.7
2002,Star.Wars.Episode.II.Attack.of.the.Clones.(2002).DVDRip.XviD-UnSeeN heroes and moral,Anakin Skywalker,FICT,INDIVIDUAL,0.9,Count Dooku,FICT,INDIVIDUAL,0.8,LIBERTY,0.7
2001,The.Lord.of.the.Rings.The.Fellowship.of.the.Ring.Extended.Editions.2001.1080p.BluRay.x264. heroes and moral,Frodo Baggins,FICT,INDIVIDUAL,0.9,Sauron,FICT,SUPERNATURAL,0.9,LIBERTY,0.8
2005,Star.Wars.Episode.III.Revenge.of.the.Sith.(2005).DVDRip.XviD-UnSeeN heroes and moral,Anakin Skywalker,FICT,INDIVIDUAL,0.9,Count Dooku,FICT,INDIVIDUAL,0.8,TRAD,0.7
1978,Jaws.2.ENG.25FPS heroes and moral,Martin Brody,USA,INDIVIDUAL,0.9,UNKNOWN,UNKNOWN,SUPERNATURAL,0.8,CARE,0.7
1995,Waterworld.en heroes and moral,The Mariner,FICT,INDIVIDUAL,0.9,Deacon,FICT,INDIVIDUAL,0.8,LIBERTY,0.7
1995,Die.Hard.With.A.Vengeance.1995.1080p.BluRay.x264-WPi.ENG heroes and moral,John McClane,USA,INDIVIDUAL,0.9,Simon Gruber,MULTI,INDIVIDUAL,0.8,FAIR,0.7
2011,Transformers.Dark.Of.The.Moon.2011.BluRay.720p.DTS.x264-CHD.eng heroes and moral,Optimus Prime,FICT,INDIVIDUAL,0.9,Megatron,FICT,INDIVIDUAL,0.8,LIBERTY,0.7
2008,Quantum.Of.Solace[2008]DvDrip-aXXo.en heroes and moral,James Bond,GBR,INDIVIDUAL,0.9,Dominic Greene,UNKNOWN,INDIVIDUAL,0.8,FAIR,0.7
1979,Rocky II heroes and moral,Rocky Balboa,USA,INDIVIDUAL,0.9,Apollo Creed,USA,INDIVIDUAL,0.8,FAIR,0.7
2014,X-Men.Days.of.Future.Past.2014.720p.BluRay.X264-AMIABLE heroes and moral,Charles Xavier,USA,INDIVIDUAL,0.9,Bolivar Trask,USA,INDIVIDUAL,0.8,CARE,0.8
2012,MSAR. EN2 heroes and moral,Alex,FICT,INDIVIDUAL,0.9,Captain Chantel DuBois,FRA,INDIVIDUAL,0.8,CARE,0.7
2021,Venom.Let.There.Be.Carnage.2021.HDRip.XviD.AC3-EVO heroes and moral,Eddie Brock,USA,INDIVIDUAL,0.8,Cletus Kasady,USA,INDIVIDUAL,0.9,CARE,0.7
2020,Birds.of.Prey.And.the.Fantabulous.Emancipation.of.One.Harley.Quinn.2020.HC.720p.HDRip.800M heroes and moral,Harley Quinn,FICT,INDIVIDUAL,0.9,Roman Sionis / Black Mask,FICT,INDIVIDUAL,0.8,LIBERTY,0.7
2014,Transformers.Age.of.Extinction.2014.720p.BluRay.x264-BLOW heroes and moral,Optimus Prime,FICT,INDIVIDUAL,0.9,Harold Attinger,USA,INDIVIDUAL,0.8,LIBERTY,0.7
2006,The.Da.Vinci.Code.2006.Extended.720p.BluRay.x264-BestHD.eng heroes and moral,Robert Langdon,USA,INDIVIDUAL,0.9,Leigh Teabing,GBR,INDIVIDUAL,0.8,FAIR,0.7
1996,The.Rock.1996.CRiTERiON.DVDRip.XviD.AC3-UnSeeN heroes and moral,John Mason,GBR,INDIVIDUAL,0.9,Francis Hummel,USA,INDIVIDUAL,0.8,FAIR,0.7
2000,How.the.Grinch.Stole.Christmas.2000.REMASTERED.720p.BluRay.X264-AMIABLE heroes and moral,Cindy-Lou Who,FICT,INDIVIDUAL,0.8,The Grinch,FICT,INDIVIDUAL,0.9,CARE,0.8
2011,The. Hangover. Part. II. 2011. 720p. BrRip. x264. YIFY heroes and moral,Stu Price,USA,INDIVIDUAL,0.9,Leslie Chow,UNKNOWN,INDIVIDUAL,0.8,FAIR,0.7
1991,Dances.With.Wolves.1990.Directors.Cut.BRRip.XviD.AC3-FLAWL3SS.fixed heroes and moral,John J. Dunbar,USA,INDIVIDUAL,0.9,UNKNOWN,UNKNOWN,UNKNOWN,0.5,LIBERTY,0.8
1990,The.Hunt.For.Red.October.1990.720p.HDDVD.x264-SiNNERS.ENG heroes and moral,Marko Ramius,RUS,INDIVIDUAL,0.9,Viktor Tupolev,RUS,INDIVIDUAL,0.8,LIBERTY,0.7
1982,Star Trek 02 Wrath Of Khan 1982 1280x528.eng heroes and moral,James T. Kirk,USA,INDIVIDUAL,0.9,Khan Noonien Singh,FICT,INDIVIDUAL,0.8,FAIR,0.7
1983,National.Lampoons.Vacation.1983.720p.BluRay.DD1.0.x264-CtrlHD heroes and moral,Clark Griswold,USA,INDIVIDUAL,0.9,UNKNOWN,UNKNOWN,UNKNOWN,0.5,CARE,0.7
1995,Ace.Ventura.When.Nature.Calls.1995.720p.BluRay.X264-AMIABLE heroes and moral,Ace Ventura,USA,INDIVIDUAL,0.9,Vincent Cadby,UNKNOWN,INDIVIDUAL,0.8,CARE,0.7
2015,Minions.2015.720p.BluRay.x264-GECKOS heroes and moral,Kevin,FICT,INDIVIDUAL,0.9,Scarlet Overkill,FICT,INDIVIDUAL,0.8,CARE,0.7
2003,Chicago.2002.PROPER.1080p.BluRay.x264-LCHD.ENG heroes and moral,UNKNOWN,UNKNOWN,INDIVIDUAL,0.3,UNKNOWN,UNKNOWN,INDIVIDUAL,0.3,MIXED,0.6
2017,Logan heroes and moral,Logan,CAN,INDIVIDUAL,0.9,Donald Pierce,UNKNOWN,INDIVIDUAL,0.8,CARE,0.7
1992,Aladdin.1992.1080p.BluRay.X264-AMIABLE heroes and moral,Aladdin,FICT,INDIVIDUAL,0.9,Sorcerer,MULTI,INDIVIDUAL,0.8,LIBERTY,0.7
1991,The.Naked.Gun.2.1.2.The.Smell.of.Fear.1991.BluRay.720p.DTS.x264-beAst.eng heroes and moral,Frank Drebin,USA,INDIVIDUAL,0.9,Quentin Hapsburg,USA,INDIVIDUAL,0.8,LIBERTY,0.7
1999,The Blair Witch Project.DVDRip.Occor heroes and moral,UNKNOWN,UNKNOWN,INDIVIDUAL,0.5,Rustin Parr,UNKNOWN,INDIVIDUAL,0.8,TRAD,0.7
1982,Poltergeist.1982.1080p.BluRay.x264-iKA.ENG heroes and moral,UNKNOWN,UNKNOWN,INDIVIDUAL,0.3,UNKNOWN,UNKNOWN,SUPERNATURAL,0.6,CARE,0.7
1995,Casper.1995.720p.BluRay.X264-AMIABLE heroes and moral,Casper,FICT,INDIVIDUAL,0.9,Carrigan Crittenden,USA,INDIVIDUAL,0.8,CARE,0.7
1989,Dead Poets Society 1989 ENG 25fps SDH utf-8 heroes and moral,John Keating,USA,INDIVIDUAL,0.9,Gale Nolan,USA,INDIVIDUAL,0.8,LIBERTY,0.9
2012,TED 2012 TS XViD - INSPiRAL heroes and moral,John Bennett,USA,INDIVIDUAL,0.9,Donny,USA,INDIVIDUAL,0.8,CARE,0.7
2022,Minions.The.Rise.Of.Gru.2022.1080p.AMZN.WEB-DL.DDP5.1.H.264-CMRG heroes and moral,Gru,FICT,INDIVIDUAL,0.9,Vicious 6,FICT,GROUP,0.8,FAIR,0.7
2011,Cars.2.720p.BluRay.x264.REPACK-METiS.eng heroes and moral,Mater,USA,INDIVIDUAL,0.9,Professor Zündapp,DEU,INDIVIDUAL,0.8,CARE,0.7
2017,Wonder.Woman.2017.720p.BluRay.x264-SPARKS heroes and moral,Wonder Woman,USA,INDIVIDUAL,0.9,Ares,FICT,SUPERNATURAL,0.8,CARE,0.7
1989,ARG-LETHAL WEAPON 2 1989  PALDVDRIP  XVID MP3 ENG  A RG heroes and moral,Martin Riggs,USA,INDIVIDUAL,0.9,Arjen Rudd,ZAF,INDIVIDUAL,0.8,FAIR,0.7
1990,back.to.the.future.part.3.1990.720p.bluray.x264-nezu.eng heroes and moral,Marty McFly,USA,INDIVIDUAL,0.9,Buford 'Mad Dog' Tannen,USA,INDIVIDUAL,0.8,LIBERTY,0.7
1979,The.Amityville.Horror.1979.Blu-ray.Re.x264.1080p.DTS-HDS.ENG heroes and moral,George Lutz,USA,INDIVIDUAL,0.8,UNKNOWN,UNKNOWN,SUPERNATURAL,0.7,CARE,0.8
1990,Dick.Tracy.1990.DVDRip.INTERNAL.XviD-VH-PROD heroes and moral,Dick Tracy,USA,INDIVIDUAL,0.9,Big Boy Caprice,USA,INDIVIDUAL,0.8,FAIR,0.7
1998,Saving.Private.Ryan.720p.HDTV.Premiere.DTS.x264-ESiR heroes and moral,John H. Miller,USA,INDIVIDUAL,0.9,UNKNOWN,DEU,GROUP,0.7,CARE,0.8
2013,Star.Trek.Into.Darkness.2013.BluRay.720p.x264-HDWinG heroes and moral,James T. Kirk,USA,INDIVIDUAL,0.9,John Harrison / Khan Noonien Singh,FICT,INDIVIDUAL,0.8,FAIR,0.7
1981,Excalibur heroes and moral,King Arthur,FICT,INDIVIDUAL,0.9,Uther Pendragon,FICT,INDIVIDUAL,0.8,TRAD,0.7
2017,Guardians.of.the.Galaxy.Vol.2.2017.720p.BluRay.x264-SPARKS heroes and moral,Peter Quill,USA,INDIVIDUAL,0.9,Ego,FICT,SUPERNATURAL,0.8,CARE,0.7
2019,Frozen.II.2019.DVDScr.XVID.AC3.HQ.Hive-CM8 heroes and moral,Elsa,FICT,INDIVIDUAL,0.9,King Runeard,FICT,INDIVIDUAL,0.8,FAIR,0.7
1980,The.Blues.Brothers.1980.EXTENDED.720p.BluRay.X264-AMIABLE heroes and moral,Jake and Elwood Blues,USA,GROUP,0.9,UNKNOWN,UNKNOWN,UNKNOWN,0.5,CARE,0.8
2020,Bad.Boys.for.Life.2020.1080p.HDRip.X264.AC3-EVO heroes and moral,Mike Lowrey,USA,INDIVIDUAL,0.9,Armando Aretas,MULTI,INDIVIDUAL,0.8,CARE,0.7
2014,The.Lego.Movie.2014.BluRay.720p.x264.DTS-HDWinG heroes and moral,Emmet Brickowski,FICT,INDIVIDUAL,0.9,Lord Business,FICT,INDIVIDUAL,0.9,LIBERTY,0.8
1998,Deep Impact (1998) heroes and moral,Leo Biederman,USA,INDIVIDUAL,0.9,UNKNOWN,UNKNOWN,UNKNOWN,0.5,CARE,0.8
1985,Rambo Acorralado II (1985)1080p-Dual-momos-[.HDG].ENG heroes and moral,John Rambo,USA,INDIVIDUAL,0.9,Marshall Murdock,USA,INDIVIDUAL,0.8,LIBERTY,0.7
2003,Pirates.of.the.Caribbean.The.Curse.of.the.Black.Pearl.Remastered.2003.720p.BluRay.DTSx264-ESiR.eng heroes and moral,Will Turner,GBR,INDIVIDUAL,0.9,Barbossa,FICT,INDIVIDUAL,0.8,LIBERTY,0.7
1980,Kramer.vs.Kramer.BluRay.1080p.DTS.x264.dxva-EuReKA.ENG heroes and moral,Ted Kramer,USA,INDIVIDUAL,0.9,Joanna Kramer,USA,INDIVIDUAL,0.8,CARE,0.7
2011,The.Twilight.Saga.Breaking.Dawn.Part.1.2011.720p.BluRay.x264-SPARKS English heroes and moral,Bella Swan,USA,INDIVIDUAL,0.9,UNKNOWN,UNKNOWN,UNKNOWN,0.5,CARE,0.8
2010,The.Twilight.Saga.Eclipse.720p.Bluray.x264-CBGB.eng heroes and moral,Edward Cullen,FICT,INDIVIDUAL,0.9,Victoria Sutherland,FICT,INDIVIDUAL,0.8,CARE,0.7
1984,Terms.of.Endearment.1983.720p.BluRay.X264-AMIABLE heroes and moral,Emma Horton,USA,INDIVIDUAL,0.9,Flap Horton,USA,INDIVIDUAL,0.8,CARE,0.7
2019,Joker.2019.720p.HC.HDRip.XviD.AC3-EVO heroes and moral,Arthur Fleck,FICT,INDIVIDUAL,0.9,Thomas Wayne,FICT,INDIVIDUAL,0.7,CARE,0.8
